AppraisalID,PercentSalaryHike,YearsSinceLastPromotion,YearsInCurrentRole,YearsWithCurrManager,PerformanceRating,TrainingTimesLastYear
1,11,0,4,5,3,0
2,23,1,7,7,4,3
3,15,0,0,0,3,3
4,11,3,7,0,3,3
5,12,2,2,2,3,3
6,13,3,7,6,3,2
7,20,0,0,0,4,3
8,22,0,0,0,4,2
9,21,1,7,8,4,2
10,13,7,7,7,3,3
11,13,0,4,3,3,5
12,12,0,5,8,3,3
13,17,4,2,3,3,1
14,11,1,2,2,3,2
15,14,0,2,3,3,4
16,11,8,9,8,3,1
17,12,0,2,5,3,5
18,13,0,0,0,3,2
19,16,3,8,7,3,3
20,11,1,2,2,3,3
21,18,1,2,3,3,5
22,23,0,3,3,4,4
23,11,2,6,11,3,4
24,14,0,0,0,3,6
25,11,1,2,3,3,2
26,11,4,13,8,3,3
27,22,6,2,7,4,5
28,11,4,7,2,3,2
29,14,5,6,17,3,4
30,12,2,2,1,3,2
31,11,0,1,0,3,3
32,13,1,2,3,3,5
33,13,1,0,8,3,5
34,14,0,0,0,3,6
35,16,2,0,0,3,2
36,12,1,3,4,3,3
37,14,0,2,2,3,2
38,13,2,2,2,3,3
39,14,0,1,0,3,3
40,19,1,3,3,3,3
41,12,0,0,0,3,3
42,13,0,0,0,3,6
43,12,0,0,1,3,2
44,15,1,8,7,3,0
45,23,3,8,7,4,2
46,12,15,15,8,3,0
47,20,8,5,7,4,2
48,21,0,0,0,4,1
49,21,0,6,8,4,4
50,19,0,0,1,3,2
51,13,0,0,0,3,2
52,13,2,2,2,3,3
53,21,1,3,3,4,2
54,13,2,0,3,3,3
55,19,0,2,0,3,2
56,12,8,14,12,3,1
57,22,1,8,8,4,3
58,15,2,2,2,3,3
59,22,1,7,7,4,3
60,18,0,5,7,3,2
61,22,7,8,8,4,3
62,11,9,3,9,3,2
63,12,13,3,8,3,2
64,11,7,16,9,3,3
65,13,12,14,8,3,2
66,14,0,0,2,3,2
67,13,0,5,3,3,3
68,17,0,0,0,3,2
69,13,1,2,2,3,2
70,17,0,0,0,3,0
71,11,1,3,3,3,2
72,23,0,4,4,4,3
73,17,1,1,0,3,4
74,17,0,4,9,3,3
75,12,0,0,0,3,3
76,23,1,7,8,4,2
77,14,2,13,8,3,2
78,14,0,0,0,3,3
79,13,0,2,2,3,3
80,22,0,2,2,4,2
81,12,3,8,0,3,1
82,18,0,4,4,3,3
83,14,1,0,0,3,4
84,12,1,11,9,3,3
85,15,1,2,3,3,2
86,11,0,4,2,3,3
87,13,0,0,0,3,3
88,23,0,2,3,4,4
89,19,10,10,8,3,3
90,16,4,8,7,3,3
91,22,11,3,11,4,3
92,22,1,7,0,4,2
93,12,2,8,7,3,4
94,13,9,9,5,3,5
95,16,5,8,7,3,0
96,12,0,3,3,3,5
97,21,0,2,2,4,2
98,15,0,4,4,3,3
99,13,1,10,8,3,1
100,12,1,2,2,3,3
101,22,0,2,2,4,3
102,13,0,0,0,3,2
103,18,1,0,0,3,5
104,14,2,13,10,3,3
105,14,0,0,0,3,2
106,21,2,2,2,4,3
107,19,0,3,7,3,1
108,11,0,4,3,3,1
109,11,2,2,1,3,2
110,15,0,0,0,3,5
111,20,12,12,8,4,1
112,24,0,7,6,4,3
113,12,4,3,4,3,3
114,12,1,3,2,3,2
115,15,0,0,0,3,3
116,12,1,3,3,3,3
117,12,5,10,8,3,6
118,14,2,7,8,3,6
119,22,0,0,0,4,2
120,12,4,12,12,3,3
121,25,0,7,9,4,2
122,13,0,7,7,3,2
123,18,4,4,3,3,2
124,13,15,18,15,3,5
125,18,7,7,7,3,3
126,19,4,4,3,3,3
127,12,15,10,6,3,3
128,19,0,0,0,3,2
129,14,2,1,1,3,2
130,14,5,11,11,3,2
131,12,1,2,2,3,2
132,11,2,2,1,3,3
133,11,2,2,2,3,2
134,13,0,7,7,3,2
135,23,5,7,7,4,3
136,20,0,2,1,4,0
137,15,0,2,3,3,2
138,14,5,11,9,3,1
139,18,2,2,2,3,3
140,19,4,9,7,3,2
141,22,0,4,4,4,2
142,13,0,5,3,3,2
143,20,2,2,2,4,2
144,14,0,4,4,3,4
145,17,0,7,7,3,2
146,14,2,2,2,3,3
147,13,1,3,2,3,3
148,13,7,6,7,3,2
149,21,1,0,4,4,2
150,14,0,0,0,3,3
151,11,2,7,13,3,2
152,13,0,8,6,3,3
153,20,4,7,5,4,3
154,18,0,9,15,3,2
155,14,3,8,7,3,2
156,13,0,7,9,3,1
157,17,0,0,0,3,2
158,20,0,0,0,4,3
159,11,2,11,11,3,2
160,18,1,3,2,3,3
161,24,2,2,2,4,6
162,18,2,2,2,3,1
163,11,0,2,2,3,2
164,16,1,3,4,3,2
165,15,0,1,1,3,2
166,15,4,4,4,3,5
167,12,1,8,8,3,2
168,12,7,9,4,3,2
169,22,0,3,7,4,2
170,20,1,4,4,4,2
171,16,1,2,1,3,3
172,21,0,0,0,4,5
173,12,7,7,2,3,3
174,11,6,9,10,3,4
175,11,0,4,3,3,3
176,18,2,2,2,3,3
177,14,0,1,2,3,2
178,22,1,0,0,4,3
179,25,15,13,7,4,2
180,12,2,2,1,3,3
181,23,0,2,2,4,0
182,15,1,2,2,3,3
183,22,0,3,2,4,5
184,15,0,2,2,3,2
185,11,1,2,3,3,3
186,13,1,7,6,3,5
187,14,9,8,9,3,2
188,11,2,15,15,3,3
189,17,1,9,9,3,2
190,18,1,7,0,3,6
191,14,11,18,9,3,5
192,16,0,7,3,3,2
193,13,0,0,1,3,1
194,14,2,4,2,3,3
195,23,11,8,8,4,1
196,12,1,7,7,3,3
197,11,1,2,2,3,5
198,16,0,3,2,3,5
199,14,0,0,0,3,3
200,18,1,7,7,3,3
201,19,2,2,0,3,1
202,15,1,7,7,3,0
203,17,2,3,0,3,4
204,15,3,2,7,3,2
205,19,0,0,0,3,2
206,22,1,4,9,4,3
207,16,2,2,2,3,2
208,13,1,1,7,3,2
209,14,0,2,2,3,5
210,16,0,2,3,3,3
211,11,9,8,8,3,2
212,22,5,8,8,4,2
213,14,0,7,7,3,2
214,16,4,9,7,3,5
215,11,0,2,4,3,5
216,18,0,0,0,3,3
217,15,0,3,1,3,5
218,14,1,2,5,3,1
219,12,12,7,8,3,2
220,14,0,2,5,3,4
221,16,3,11,7,3,3
222,21,1,2,1,4,3
223,14,0,8,7,3,1
224,12,5,10,13,3,6
225,12,1,4,4,3,2
226,17,0,0,0,3,6
227,17,5,8,8,3,2
228,14,4,10,1,3,5
229,14,0,7,8,3,3
230,13,0,3,1,3,3
231,15,2,2,2,3,3
232,11,11,17,15,3,3
233,17,2,2,2,3,2
234,11,0,0,6,3,3
235,13,0,4,4,3,2
236,22,1,13,9,4,3
237,20,1,7,7,4,3
238,18,15,7,12,3,2
239,11,1,3,2,3,5
240,14,1,2,2,3,2
241,14,1,2,2,3,1
242,18,2,2,2,3,2
243,16,0,0,0,3,2
244,17,4,8,7,3,3
245,11,1,0,7,3,2
246,12,2,2,2,3,3
247,13,0,2,2,3,2
248,13,5,9,9,3,3
249,14,0,1,2,3,2
250,17,0,2,2,3,1
251,11,0,0,0,3,5
252,25,11,6,8,4,1
253,19,1,5,5,3,1
254,13,0,2,2,3,1
255,14,0,2,2,3,2
256,12,1,2,2,3,3
257,11,7,6,8,3,4
258,19,3,7,9,3,5
259,11,0,0,0,3,0
260,11,1,4,4,3,2
261,20,0,1,3,4,3
262,18,7,7,5,3,0
263,13,0,2,4,3,5
264,12,7,7,7,3,2
265,11,0,0,0,3,5
266,19,0,0,0,3,2
267,21,7,0,8,4,2
268,12,1,3,5,3,2
269,14,4,7,10,3,2
270,11,10,13,11,3,4
271,14,4,10,13,3,2
272,12,9,7,9,3,2
273,23,0,2,4,4,3
274,14,0,4,1,3,5
275,17,1,2,0,3,4
276,18,0,2,2,3,2
277,18,6,7,2,3,6
278,24,7,0,7,4,3
279,20,1,5,4,4,6
280,14,1,4,6,3,4
281,16,1,3,3,3,5
282,25,11,16,6,4,3
283,18,0,7,9,3,3
284,19,0,7,8,3,4
285,13,3,3,3,3,3
286,12,5,12,7,3,3
287,22,0,0,0,4,0
288,14,1,2,2,3,2
289,13,0,2,2,3,2
290,21,0,3,2,4,3
291,11,1,2,2,3,4
292,12,7,0,7,3,2
293,11,2,2,2,3,5
294,12,7,7,4,3,0
295,12,1,2,2,3,3
296,14,4,4,8,3,2
297,13,0,0,0,3,2
298,15,6,9,9,3,3
299,18,0,0,0,3,2
300,18,1,1,2,3,3
301,19,0,10,4,3,2
302,12,0,0,0,3,2
303,19,0,3,7,3,2
304,11,7,7,7,3,3
305,17,3,10,7,3,5
306,15,0,8,8,3,3
307,14,4,8,8,3,3
308,17,0,8,1,3,2
309,13,1,3,2,3,2
310,12,0,2,3,3,4
311,12,1,2,0,3,1
312,18,9,9,11,3,2
313,18,2,2,2,3,2
314,11,8,6,8,3,2
315,14,11,9,10,3,3
316,19,1,7,7,3,5
317,12,0,1,7,3,2
318,15,7,2,7,3,3
319,12,1,3,2,3,2
320,11,11,12,9,3,2
321,11,0,4,4,3,3
322,12,1,7,7,3,3
323,16,0,7,7,3,0
324,13,2,2,2,3,4
325,13,1,8,9,3,2
326,24,8,9,9,4,2
327,15,13,9,3,3,2
328,18,0,0,0,3,3
329,14,0,7,1,3,6
330,11,1,2,1,3,2
331,11,0,7,0,3,3
332,13,1,4,4,3,0
333,12,0,3,3,3,4
334,16,0,0,0,3,1
335,14,9,9,8,3,3
336,22,0,3,2,4,2
337,11,0,7,7,3,4
338,17,2,2,2,3,2
339,13,1,9,2,3,2
340,18,0,7,7,3,3
341,16,0,2,4,3,2
342,14,2,10,9,3,3
343,14,4,9,10,3,2
344,14,1,7,7,3,2
345,13,0,6,13,3,5
346,12,0,2,2,3,2
347,15,1,4,2,3,3
348,19,0,0,0,3,3
349,14,0,0,0,3,2
350,14,0,3,2,3,3
351,11,1,2,0,3,5
352,13,0,0,7,3,4
353,21,0,0,0,4,3
354,13,6,7,7,3,2
355,12,2,2,2,3,2
356,17,7,7,7,3,3
357,23,0,0,0,4,6
358,11,1,2,2,3,3
359,15,0,0,0,3,6
360,11,1,9,12,3,2
361,11,1,2,2,3,2
362,13,1,7,7,3,3
363,24,2,2,2,4,3
364,13,0,0,0,3,2
365,20,0,4,3,4,3
366,14,0,0,0,3,2
367,18,7,7,7,3,5
368,15,1,3,3,3,2
369,12,1,4,0,3,6
370,16,2,2,2,3,5
371,15,0,0,0,3,0
372,16,1,2,2,3,4
373,19,0,1,0,3,5
374,11,0,2,4,3,2
375,16,0,5,7,3,1
376,24,0,2,0,4,2
377,11,0,7,7,3,2
378,13,2,2,2,3,3
379,13,0,2,4,3,3
380,13,1,4,2,3,2
381,12,0,2,3,3,2
382,18,0,0,0,3,3
383,22,0,4,4,4,2
384,13,1,1,2,3,1
385,13,9,9,0,3,2
386,23,0,0,0,4,4
387,12,12,7,17,3,2
388,12,1,4,3,3,5
389,16,1,2,2,3,5
390,12,0,0,1,3,2
391,11,3,10,9,3,3
392,22,0,0,0,4,3
393,11,1,2,2,3,4
394,15,1,2,2,3,3
395,12,3,10,12,3,5
396,20,1,2,2,4,1
397,14,0,2,2,3,3
398,11,1,4,3,3,3
399,15,10,11,7,3,2
400,12,3,2,2,3,3
401,14,1,8,6,3,3
402,11,7,7,7,3,0
403,11,4,4,4,3,6
404,16,0,7,7,3,2
405,12,1,0,8,3,2
406,13,0,2,2,3,5
407,14,0,4,4,3,4
408,21,0,2,2,4,3
409,13,1,2,4,3,2
410,11,0,4,2,3,3
411,20,0,4,2,4,2
412,11,11,8,10,3,5
413,14,0,7,8,3,5
414,11,0,5,4,3,4
415,16,1,3,4,3,4
416,16,1,2,0,3,3
417,23,0,0,0,4,3
418,14,1,15,12,3,2
419,22,0,2,2,4,3
420,15,1,3,4,3,3
421,18,0,2,7,3,2
422,16,1,2,1,3,2
423,12,0,0,0,3,3
424,11,7,8,8,3,3
425,12,0,0,0,3,3
426,15,15,10,7,3,2
427,14,6,7,7,3,2
428,19,13,13,11,3,5
429,13,0,0,4,3,2
430,13,0,2,1,3,2
431,15,4,4,3,3,2
432,11,0,0,0,3,3
433,12,5,3,7,3,3
434,19,1,2,2,3,3
435,25,0,8,8,4,6
436,12,7,6,7,3,2
437,13,1,3,3,3,2
438,14,1,2,2,3,3
439,12,0,7,0,3,2
440,12,0,0,0,3,2
441,15,0,2,2,3,2
442,17,2,2,0,3,4
443,14,9,3,7,3,3
444,16,1,2,2,3,3
445,14,6,7,7,3,2
446,23,7,9,7,4,2
447,14,1,3,10,3,3
448,11,6,9,9,3,2
449,15,5,6,13,3,3
450,11,0,3,7,3,3
451,13,0,5,5,3,2
452,21,5,9,8,4,5
453,19,3,7,7,3,3
454,11,1,7,0,3,2
455,12,1,2,2,3,2
456,19,0,1,5,3,2
457,21,0,4,1,4,3
458,14,0,0,0,3,3
459,15,0,0,1,3,2
460,17,0,7,7,3,3
461,12,0,0,0,3,5
462,16,0,4,3,3,3
463,12,5,7,7,3,3
464,18,0,0,0,3,3
465,17,1,5,2,3,3
466,11,1,2,2,3,3
467,16,11,16,8,3,2
468,13,7,5,7,3,6
469,12,6,9,9,3,3
470,12,1,2,2,3,2
471,13,2,2,1,3,3
472,19,0,0,0,3,4
473,12,4,5,3,3,2
474,17,0,9,9,3,5
475,11,1,5,4,3,3
476,20,1,3,4,4,5
477,21,0,0,0,4,2
478,11,10,5,7,3,2
479,11,0,4,6,3,1
480,16,1,3,2,3,4
481,18,0,0,0,3,2
482,13,1,5,3,3,3
483,17,1,1,2,3,2
484,14,0,2,2,3,3
485,22,5,7,7,4,4
486,12,0,3,3,3,5
487,11,1,0,0,3,3
488,13,0,0,0,3,0
489,13,2,2,2,3,4
490,14,0,0,0,3,3
491,17,0,0,0,3,3
492,13,4,7,7,3,3
493,11,0,2,2,3,3
494,11,0,2,2,3,1
495,18,0,2,6,3,3
496,11,0,3,2,3,3
497,11,1,2,2,3,2
498,12,0,2,1,3,2
499,20,2,2,2,4,3
500,12,1,0,2,3,3
501,12,0,4,5,3,2
502,20,0,0,0,4,2
503,20,8,7,10,4,2
504,12,8,9,8,3,4
505,14,0,1,0,3,4
506,13,0,2,2,3,2
507,15,7,7,8,3,2
508,14,1,0,2,3,5
509,13,11,11,8,3,3
510,23,4,11,7,4,2
511,15,7,7,1,3,1
512,11,0,2,2,3,2
513,13,1,2,1,3,0
514,11,1,0,1,3,5
515,11,9,8,7,3,3
516,18,0,0,0,3,3
517,16,0,2,2,3,3
518,22,1,2,2,4,4
519,20,0,7,5,4,2
520,18,2,7,8,3,5
521,12,2,2,2,3,3
522,20,0,5,4,4,3
523,17,0,0,0,3,2
524,11,3,8,8,3,3
525,14,7,7,7,3,3
526,14,2,2,0,3,3
527,11,11,7,10,3,4
528,12,0,7,8,3,2
529,14,1,3,3,3,4
530,13,1,7,8,3,4
531,11,0,7,7,3,3
532,15,7,7,7,3,6
533,12,1,7,7,3,2
534,21,1,13,12,4,2
535,19,1,1,3,3,3
536,15,12,6,6,3,2
537,14,2,2,2,3,1
538,21,1,7,7,4,4
539,12,2,7,10,3,3
540,15,2,2,2,3,2
541,13,3,7,7,3,4
542,14,0,7,5,3,2
543,14,0,0,0,3,4
544,14,1,2,4,3,5
545,12,11,2,13,3,2
546,23,7,7,7,4,2
547,11,0,0,0,3,6
548,12,2,2,2,3,2
549,18,2,2,2,3,5
550,11,4,1,3,3,2
551,14,0,3,2,3,2
552,15,3,3,6,3,3
553,11,1,7,1,3,1
554,20,2,2,3,4,2
555,19,0,6,7,3,2
556,14,2,2,2,3,2
557,17,2,2,2,3,4
558,11,0,0,0,3,2
559,15,4,8,7,3,2
560,13,0,0,1,3,0
561,14,0,0,0,3,3
562,11,1,6,16,3,3
563,13,7,9,8,3,2
564,23,1,5,4,4,5
565,13,3,7,1,3,3
566,18,0,2,2,3,3
567,12,1,4,3,3,2
568,22,1,5,4,4,5
569,13,1,2,4,3,2
570,15,0,7,9,3,1
571,18,1,3,2,3,3
572,14,2,2,0,3,2
573,12,1,7,1,3,3
574,17,1,3,2,3,2
575,16,1,2,3,3,2
576,11,1,3,4,3,4
577,19,1,2,1,3,3
578,13,4,3,3,3,3
579,12,4,7,12,3,2
580,11,1,5,3,3,3
581,16,0,2,2,3,1
582,21,0,2,2,4,2
583,24,3,7,7,4,2
584,17,1,2,2,3,1
585,13,14,7,9,3,4
586,21,0,0,0,4,2
587,11,0,0,0,3,4
588,20,1,2,4,4,3
589,16,0,3,3,3,3
590,11,0,0,0,3,1
591,11,3,9,7,3,3
592,15,0,2,2,3,3
593,11,3,14,0,3,3
594,15,0,7,5,3,2
595,24,0,7,7,4,3
596,12,13,15,8,3,2
597,13,2,2,2,3,0
598,13,0,3,2,3,4
599,17,2,2,1,3,3
600,13,0,2,4,3,2
601,12,6,13,8,3,3
602,14,0,0,0,3,6
603,24,0,0,0,4,4
604,14,0,0,0,3,3
605,13,7,8,8,3,3
606,15,1,3,2,3,3
607,16,1,2,3,3,3
608,18,7,8,7,3,3
609,16,7,7,3,3,3
610,24,1,1,0,4,3
611,16,0,8,8,3,3
612,21,1,5,6,4,3
613,20,7,7,5,4,2
614,19,0,2,2,3,1
615,14,1,7,7,3,2
616,11,0,0,0,3,6
617,14,4,6,17,3,2
618,12,2,2,3,3,2
619,13,0,3,1,3,3
620,22,0,8,8,4,5
621,11,1,5,1,3,3
622,14,4,14,11,3,1
623,11,0,2,3,3,3
624,12,0,4,3,3,3
625,18,0,2,4,3,3
626,12,0,4,2,3,2
627,12,1,3,3,3,3
628,22,0,8,0,4,3
629,19,0,0,0,3,2
630,13,0,1,4,3,6
631,22,2,2,2,4,2
632,24,0,2,2,4,2
633,14,2,1,2,3,2
634,21,0,4,3,4,3
635,18,0,3,3,3,3
636,20,5,14,15,4,2
637,19,7,2,8,3,3
638,12,0,0,2,3,2
639,12,0,2,3,3,1
640,16,0,2,2,3,2
641,17,3,2,4,3,2
642,14,5,8,3,3,3
643,19,1,2,2,3,3
644,13,1,3,3,3,1
645,19,0,4,2,3,2
646,19,0,2,2,3,3
647,14,2,0,2,3,3
648,16,4,10,8,3,2
649,15,0,4,0,3,3
650,18,3,9,8,3,0
651,13,2,2,2,3,2
652,22,7,6,7,4,2
653,13,0,0,9,3,2
654,11,14,6,7,3,3
655,11,0,4,4,3,2
656,11,0,3,3,3,4
657,24,0,0,1,4,2
658,14,0,3,3,3,5
659,13,7,7,1,3,0
660,14,0,2,2,3,3
661,14,0,0,0,3,3
662,21,0,0,0,4,2
663,13,0,2,2,3,3
664,19,0,0,0,3,3
665,17,4,8,11,3,2
666,18,1,2,2,3,3
667,19,0,2,2,3,3
668,13,1,7,0,3,1
669,18,2,2,2,3,2
670,21,2,2,2,4,2
671,19,0,1,0,3,2
672,14,1,0,0,3,3
673,17,0,4,3,3,6
674,11,0,2,2,3,1
675,13,0,0,4,3,3
676,15,5,7,2,3,2
677,25,0,6,7,4,2
678,11,1,9,7,3,3
679,17,0,0,0,3,2
680,13,0,8,0,3,2
681,18,0,2,1,3,6
682,13,5,12,11,3,3
683,20,0,0,2,4,3
684,18,0,0,0,3,2
685,12,0,0,0,3,2
686,12,0,7,7,3,2
687,13,2,13,17,3,3
688,21,3,8,9,4,6
689,13,0,0,0,3,3
690,19,0,0,0,3,2
691,11,8,7,5,3,2
692,14,0,1,0,3,2
693,12,6,7,3,3,2
694,11,3,7,7,3,6
695,14,1,0,4,3,3
696,11,11,1,7,3,2
697,12,0,7,8,3,5
698,15,0,1,2,3,5
699,16,1,2,0,3,3
700,15,7,8,8,3,2
701,24,0,0,0,4,4
702,13,15,13,2,3,3
703,11,7,4,7,3,2
704,13,1,3,3,3,1
705,13,0,9,8,3,2
706,18,0,7,7,3,3
707,16,0,0,0,3,2
708,19,2,10,7,3,3
709,13,0,7,7,3,3
710,22,1,2,2,4,0
711,11,6,8,0,3,2
712,20,0,0,0,4,5
713,18,0,2,2,3,4
714,14,0,3,2,3,2
715,22,1,4,3,4,1
716,13,1,5,2,3,2
717,17,0,16,11,3,2
718,14,2,2,2,3,2
719,15,0,8,8,3,2
720,17,0,0,7,3,0
721,11,0,2,1,3,2
722,18,1,11,5,3,2
723,17,0,1,2,3,0
724,13,0,7,7,3,3
725,15,3,2,2,3,6
726,24,0,2,2,4,2
727,12,0,3,3,3,1
728,15,0,0,0,3,2
729,11,0,7,8,3,2
730,11,10,10,1,3,3
731,12,1,7,7,3,4
732,15,0,0,0,3,2
733,17,1,2,2,3,3
734,12,1,7,3,3,2
735,15,1,3,1,3,3
736,13,2,2,2,3,0
737,14,4,11,8,3,3
738,14,2,2,1,3,6
739,16,11,6,8,3,3
740,18,2,2,2,3,2
741,20,1,2,2,4,4
742,13,0,0,0,3,3
743,18,0,0,0,3,5
744,13,4,3,3,3,4
745,15,0,0,0,3,2
746,14,6,7,7,3,3
747,22,5,16,10,4,3
748,12,0,0,0,3,1
749,18,2,2,2,3,6
750,15,6,14,9,3,3
751,18,11,11,11,3,2
752,12,0,7,13,3,3
753,16,15,13,14,3,1
754,13,2,6,8,3,2
755,19,2,2,2,3,2
756,13,1,3,1,3,4
757,12,7,7,7,3,2
758,11,0,1,9,3,2
759,14,0,4,4,3,1
760,16,0,3,4,3,3
761,12,6,7,12,3,2
762,14,0,0,0,3,3
763,14,1,2,2,3,2
764,19,0,1,0,3,2
765,22,0,0,0,4,5
766,16,2,2,2,3,2
767,11,7,1,7,3,2
768,15,0,3,1,3,3
769,14,7,7,5,3,3
770,13,1,3,3,3,5
771,17,2,2,2,3,0
772,11,7,4,0,3,4
773,19,0,4,3,3,4
774,11,7,8,8,3,2
775,15,6,7,2,3,3
776,13,0,0,0,3,5
777,14,0,2,2,3,3
778,13,1,0,0,3,6
779,23,1,13,7,4,2
780,12,2,0,7,3,2
781,12,1,7,9,3,2
782,16,1,3,3,3,2
783,15,0,2,2,3,1
784,13,0,6,8,3,3
785,18,1,9,9,3,4
786,20,11,10,1,4,6
787,19,1,2,2,3,4
788,18,1,2,2,3,4
789,13,1,7,7,3,4
790,14,3,6,6,3,1
791,15,1,2,2,3,2
792,22,4,7,7,4,2
793,22,3,7,8,4,4
794,16,2,2,2,3,5
795,17,0,2,4,3,1
796,14,0,0,0,3,5
797,15,5,7,6,3,3
798,20,0,1,0,4,0
799,20,2,2,2,4,0
800,17,13,6,7,3,3
801,15,0,0,0,3,2
802,14,0,0,0,3,4
803,17,0,2,2,3,3
804,17,0,0,0,3,2
805,22,2,4,1,4,3
806,13,4,10,12,3,2
807,19,4,6,0,3,4
808,14,2,7,7,3,2
809,22,1,5,7,4,1
810,17,1,7,7,3,3
811,12,4,9,9,3,3
812,16,0,0,0,3,2
813,11,0,7,1,3,1
814,11,11,7,5,3,4
815,14,4,7,9,3,2
816,11,2,2,2,3,6
817,15,0,4,3,3,2
818,20,0,9,9,4,0
819,12,2,2,2,3,4
820,17,0,3,4,3,2
821,11,0,2,2,3,3
822,17,2,8,3,3,3
823,11,0,2,2,3,3
824,14,1,5,1,3,2
825,19,0,0,0,3,3
826,15,1,7,2,3,2
827,13,5,6,0,3,2
828,14,0,1,2,3,2
829,12,0,0,0,3,0
830,17,0,2,3,3,3
831,11,0,0,0,3,4
832,12,2,2,2,3,5
833,13,1,2,3,3,2
834,13,2,2,2,3,0
835,20,1,5,3,4,3
836,17,1,4,4,3,2
837,13,3,8,10,3,3
838,17,2,7,13,3,3
839,12,13,9,14,3,2
840,13,1,4,5,3,3
841,12,1,0,7,3,2
842,22,1,3,2,4,2
843,11,0,1,0,3,4
844,22,0,7,7,4,2
845,18,1,3,4,3,3
846,13,0,1,0,3,3
847,18,6,7,4,3,2
848,20,4,9,9,4,3
849,13,2,2,2,3,2
850,13,1,3,3,3,2
851,12,0,0,0,3,3
852,13,4,2,2,3,2
853,13,0,8,8,3,5
854,25,0,1,0,4,4
855,19,0,2,2,3,2
856,13,3,8,11,3,2
857,12,1,2,2,3,2
858,11,0,4,2,3,4
859,18,4,7,7,3,6
860,18,1,4,3,3,2
861,11,0,0,0,3,5
862,23,15,15,9,4,2
863,13,0,0,0,3,3
864,13,1,4,4,3,2
865,17,0,0,0,3,2
866,19,0,3,3,3,3
867,12,0,0,0,3,2
868,22,2,2,2,4,3
869,12,3,5,3,3,2
870,11,0,2,3,3,2
871,15,1,7,7,3,2
872,13,0,0,0,3,3
873,12,0,7,1,3,3
874,14,1,7,7,3,4
875,13,8,7,9,3,4
876,25,13,11,17,4,3
877,17,2,1,2,3,2
878,11,1,3,4,3,3
879,16,0,3,3,3,3
880,18,1,7,9,3,3
881,20,2,2,2,4,2
882,14,0,7,7,3,2
883,21,7,7,7,4,2
884,13,4,10,10,3,5
885,12,1,1,3,3,2
886,14,1,3,1,3,4
887,21,5,9,7,4,2
888,17,0,0,0,3,6
889,11,4,2,12,3,6
890,14,6,7,8,3,3
891,17,1,4,4,3,2
892,13,7,5,7,3,5
893,25,0,1,0,4,2
894,15,1,2,2,3,5
895,14,0,9,9,3,2
896,12,0,5,1,3,2
897,19,1,9,8,3,2
898,17,0,1,5,3,2
899,14,0,7,7,3,2
900,13,0,0,0,3,2
901,12,0,10,7,3,2
902,11,0,0,0,3,4
903,11,0,3,3,3,2
904,11,1,0,0,3,2
905,12,0,0,0,3,3
906,14,1,7,7,3,2
907,17,0,0,0,3,5
908,11,3,9,10,3,5
909,14,0,8,8,3,3
910,12,0,0,1,3,2
911,22,0,0,1,4,2
912,14,1,0,0,3,4
913,20,2,5,2,4,2
914,16,1,10,11,3,2
915,15,15,9,0,3,3
916,20,2,2,2,4,2
917,14,0,4,8,3,2
918,12,0,2,2,3,3
919,24,11,10,10,4,5
920,12,5,7,4,3,6
921,13,5,8,10,3,2
922,11,0,2,2,3,2
923,14,14,9,13,3,4
924,11,1,9,8,3,5
925,14,2,2,2,3,3
926,16,0,0,0,3,2
927,14,15,7,17,3,3
928,11,5,14,12,3,2
929,11,0,7,5,3,2
930,12,2,2,2,3,2
931,14,7,0,7,3,6
932,18,1,4,7,3,3
933,13,7,7,7,3,2
934,11,1,2,2,3,2
935,18,2,2,1,3,3
936,15,0,7,8,3,4
937,22,0,0,0,4,4
938,13,15,9,2,3,4
939,12,2,2,2,3,3
940,18,1,4,1,3,3
941,13,0,2,3,3,2
942,12,6,2,7,3,6
943,12,1,7,7,3,0
944,12,5,6,7,3,3
945,11,7,8,5,3,6
946,11,1,2,2,3,2
947,12,1,4,0,3,2
948,19,7,7,7,3,2
949,23,0,1,8,4,2
950,11,1,7,7,3,6
951,19,9,8,6,3,5
952,13,11,2,9,3,4
953,11,2,2,2,3,2
954,12,1,2,2,3,4
955,13,2,8,10,3,3
956,14,9,9,11,3,5
957,14,7,3,7,3,4
958,16,0,2,0,3,0
959,11,1,7,6,3,0
960,13,8,8,8,3,4
961,17,1,3,7,3,2
962,11,1,6,1,3,3
963,11,0,9,10,3,2
964,15,1,7,7,3,3
965,12,9,8,6,3,6
966,11,1,2,2,3,6
967,14,5,9,9,3,0
968,22,0,2,3,4,3
969,16,6,7,13,3,2
970,11,0,9,8,3,2
971,14,0,0,0,3,4
972,16,0,2,3,3,1
973,15,0,0,0,3,5
974,12,0,7,0,3,0
975,20,0,2,0,4,3
976,17,3,7,8,3,2
977,12,15,16,9,3,0
978,20,0,4,0,4,2
979,20,11,11,8,4,0
980,13,7,7,7,3,1
981,14,0,0,0,3,3
982,18,3,2,2,3,0
983,11,0,2,3,3,2
984,11,4,11,11,3,2
985,11,0,3,4,3,0
986,15,6,2,7,3,3
987,12,1,4,4,3,2
988,11,3,2,2,3,5
989,14,3,2,3,3,4
990,15,1,4,3,3,2
991,13,1,4,2,3,2
992,13,1,2,2,3,3
993,21,0,4,5,4,2
994,11,1,2,2,3,3
995,11,0,3,2,3,3
996,14,1,7,8,3,3
997,11,4,2,4,3,3
998,13,7,2,7,3,2
999,12,1,3,1,3,2
1000,14,0,7,9,3,5
1001,13,0,4,4,3,2
1002,18,0,2,2,3,6
1003,11,2,2,2,3,2
1004,11,0,2,2,3,2
1005,12,0,7,7,3,2
1006,13,0,9,9,3,3
1007,20,1,3,3,4,2
1008,12,7,7,7,3,1
1009,19,12,7,7,3,3
1010,21,1,8,5,4,3
1011,13,0,7,0,3,4
1012,16,0,4,1,3,3
1013,12,0,0,0,3,3
1014,14,0,2,2,3,3
1015,11,1,2,0,3,3
1016,14,1,3,3,3,2
1017,12,0,0,0,3,3
1018,14,1,0,4,3,3
1019,16,1,4,8,3,2
1020,13,0,2,2,3,3
1021,12,1,5,2,3,2
1022,12,2,2,2,3,2
1023,14,1,5,3,3,2
1024,22,1,2,0,4,3
1025,19,5,17,6,3,2
1026,12,0,4,3,3,3
1027,12,0,3,3,3,3
1028,17,0,4,2,3,2
1029,12,0,2,3,3,5
1030,11,0,7,7,3,2
1031,18,9,7,9,3,5
1032,11,4,7,3,3,1
1033,23,0,0,0,4,2
1034,11,4,8,7,3,2
1035,18,0,7,7,3,2
1036,18,0,2,2,3,3
1037,13,2,2,2,3,2
1038,18,1,1,2,3,4
1039,11,2,2,2,3,3
1040,15,2,2,2,3,0
1041,11,4,8,8,3,5
1042,18,1,4,3,3,4
1043,14,0,2,3,3,5
1044,12,8,8,8,3,2
1045,14,1,2,2,3,0
1046,14,1,1,2,3,3
1047,13,1,2,3,3,3
1048,14,0,3,3,3,2
1049,18,3,9,12,3,2
1050,15,2,1,2,3,2
1051,13,5,9,8,3,3
1052,12,0,0,0,3,4
1053,13,0,0,0,3,2
1054,24,2,9,8,4,2
1055,14,0,7,7,3,3
1056,14,6,8,9,3,3
1057,15,1,2,2,3,3
1058,11,0,3,0,3,4
1059,23,10,9,10,4,2
1060,13,0,0,0,3,3
1061,11,0,0,0,3,2
1062,13,0,0,0,3,2
1063,18,2,2,2,3,2
1064,14,0,7,4,3,3
1065,21,1,3,3,4,3
1066,16,1,2,2,3,2
1067,11,0,4,2,3,5
1068,17,1,4,2,3,4
1069,11,0,0,0,3,2
1070,14,0,0,0,3,2
1071,14,1,2,3,3,5
1072,25,1,2,2,4,3
1073,13,0,2,2,3,3
1074,14,1,6,7,3,2
1075,17,0,0,0,3,6
1076,25,0,2,0,4,5
1077,20,1,9,12,4,2
1078,13,0,7,7,3,2
1079,13,14,6,17,3,1
1080,18,2,0,2,3,3
1081,12,5,12,1,3,2
1082,19,3,8,3,3,3
1083,14,1,3,2,3,2
1084,14,1,4,0,3,3
1085,14,8,9,6,3,3
1086,12,7,2,7,3,2
1087,13,13,6,9,3,2
1088,25,5,10,7,4,4
1089,14,0,0,0,3,3
1090,17,3,8,7,3,2
1091,13,0,7,7,3,3
1092,13,0,3,2,3,2
1093,20,0,4,3,4,3
1094,14,13,8,9,3,3
1095,12,7,4,1,3,5
1096,12,5,14,7,3,3
1097,21,7,7,7,4,2
1098,14,0,1,0,3,3
1099,18,2,2,2,3,2
1100,12,7,8,7,3,4
1101,23,4,3,2,4,5
1102,12,2,1,5,3,2
1103,21,1,2,2,4,3
1104,14,7,7,7,3,2
1105,18,0,0,0,3,2
1106,13,2,2,2,3,6
1107,11,6,8,7,3,4
1108,11,1,3,2,3,2
1109,19,1,0,2,3,3
1110,12,1,2,3,3,3
1111,12,0,0,0,3,2
1112,16,1,7,9,3,4
1113,11,1,2,4,3,2
1114,14,1,5,2,3,3
1115,12,7,2,6,3,3
1116,13,0,0,0,3,4
1117,21,2,6,13,4,3
1118,17,2,2,1,3,3
1119,21,0,0,0,4,5
1120,11,7,8,7,3,3
1121,12,1,2,2,3,5
1122,13,0,0,0,3,5
1123,18,1,9,5,3,3
1124,16,0,2,4,3,4
1125,11,7,6,6,3,3
1126,19,1,4,3,3,0
1127,16,0,0,0,3,2
1128,16,2,2,2,3,2
1129,13,0,2,2,3,3
1130,22,0,0,1,4,2
1131,17,6,9,8,3,3
1132,14,7,2,7,3,3
1133,15,1,4,2,3,2
1134,12,0,4,2,3,0
1135,18,0,0,1,3,5
1136,15,0,0,12,3,5
1137,17,0,1,0,3,3
1138,14,1,2,3,3,2
1139,15,12,8,13,3,3
1140,17,0,2,2,3,3
1141,14,1,7,10,3,4
1142,12,1,4,1,3,3
1143,14,1,7,4,3,3
1144,15,4,7,5,3,2
1145,13,0,2,3,3,3
1146,12,1,2,1,3,2
1147,13,7,7,2,3,3
1148,14,1,6,4,3,3
1149,13,7,7,7,3,3
1150,11,0,7,7,3,3
1151,11,1,15,10,3,2
1152,21,0,3,0,4,5
1153,18,2,2,2,3,2
1154,12,0,0,0,3,2
1155,11,1,2,0,3,2
1156,15,0,8,7,3,3
1157,13,14,15,12,3,2
1158,12,2,11,9,3,5
1159,17,0,3,2,3,2
1160,13,3,2,8,3,2
1161,19,3,7,9,3,3
1162,19,0,4,2,3,6
1163,17,6,12,0,3,3
1164,11,7,4,7,3,2
1165,15,3,2,3,3,2
1166,11,0,7,2,3,3
1167,25,2,2,2,4,3
1168,14,2,2,2,3,2
1169,13,1,3,3,3,2
1170,17,0,2,2,3,0
1171,13,1,2,2,3,0
1172,14,0,2,3,3,3
1173,11,1,2,4,3,2
1174,12,0,2,2,3,6
1175,17,0,7,7,3,6
1176,21,1,4,0,4,3
1177,16,1,2,2,3,2
1178,15,1,11,11,3,3
1179,19,2,2,2,3,3
1180,12,7,8,9,3,2
1181,11,1,3,3,3,4
1182,19,2,11,12,3,3
1183,15,1,2,2,3,6
1184,20,0,4,4,4,3
1185,25,4,8,7,4,6
1186,24,6,10,11,4,3
1187,24,6,9,7,4,2
1188,15,2,11,9,3,4
1189,13,0,0,9,3,3
1190,14,0,2,4,3,5
1191,13,1,5,6,3,4
1192,11,0,0,2,3,2
1193,16,2,2,2,3,2
1194,22,3,3,3,4,3
1195,14,1,2,2,3,2
1196,14,0,7,0,3,2
1197,16,0,0,2,3,2
1198,11,0,2,2,3,3
1199,25,1,5,2,4,2
1200,14,0,2,2,3,2
1201,18,2,2,2,3,2
1202,11,1,4,2,3,2
1203,19,0,0,0,3,5
1204,15,1,3,2,3,2
1205,11,7,7,7,3,3
1206,12,0,0,0,3,2
1207,20,5,7,7,4,5
1208,12,1,2,2,3,1
1209,14,4,10,13,3,3
1210,20,0,0,0,4,2
1211,18,2,11,13,3,6
1212,14,1,3,3,3,2
1213,12,8,9,7,3,3
1214,21,0,2,2,4,2
1215,19,6,7,7,3,2
1216,14,1,4,4,3,2
1217,17,8,9,8,3,3
1218,16,0,3,4,3,1
1219,12,8,8,7,3,3
1220,17,1,3,2,3,2
1221,15,6,7,7,3,2
1222,23,14,15,4,4,3
1223,11,0,0,0,3,2
1224,11,14,5,10,3,3
1225,15,0,2,2,3,3
1226,11,8,6,6,3,2
1227,13,1,2,3,3,3
1228,14,0,2,3,3,2
1229,19,1,2,2,3,4
1230,16,0,0,0,3,3
1231,13,1,2,2,3,2
1232,14,0,7,9,3,3
1233,16,0,7,7,3,3
1234,12,0,0,8,3,2
1235,11,0,0,0,3,3
1236,12,0,6,3,3,5
1237,13,2,2,2,3,3
1238,15,0,0,0,3,2
1239,13,1,2,2,3,3
1240,20,1,4,4,4,3
1241,15,5,8,8,3,2
1242,13,0,3,2,3,2
1243,14,12,8,8,3,3
1244,21,0,0,3,4,2
1245,16,0,7,7,3,2
1246,14,2,2,1,3,2
1247,11,1,2,2,3,0
1248,19,0,2,2,3,3
1249,11,1,2,4,3,5
1250,13,2,2,2,3,3
1251,12,0,2,2,3,5
1252,11,1,7,7,3,2
1253,14,1,0,2,3,3
1254,15,1,7,7,3,2
1255,12,0,1,4,3,1
1256,20,0,0,0,4,2
1257,14,0,1,5,3,4
1258,13,0,0,0,3,2
1259,13,0,0,0,3,2
1260,16,1,0,7,3,3
1261,14,0,7,7,3,3
1262,16,1,0,0,3,2
1263,16,0,0,0,3,4
1264,22,0,3,4,4,6
1265,12,0,0,0,3,2
1266,15,1,8,7,3,2
1267,20,0,3,4,4,2
1268,14,0,14,7,3,3
1269,20,0,2,2,4,2
1270,13,1,7,8,3,5
1271,12,2,2,2,3,3
1272,13,1,0,0,3,3
1273,11,0,4,4,3,3
1274,17,0,0,0,3,6
1275,14,5,7,7,3,3
1276,11,2,2,2,3,2
1277,14,0,2,3,3,2
1278,17,2,1,2,3,3
1279,13,5,8,7,3,1
1280,12,2,3,3,3,2
1281,13,4,0,7,3,4
1282,18,7,7,7,3,2
1283,19,7,8,6,3,1
1284,11,0,3,3,3,6
1285,21,2,3,2,4,3
1286,15,2,2,2,3,3
1287,17,0,3,2,3,5
1288,18,0,0,0,3,2
1289,14,1,7,7,3,6
1290,13,3,10,8,3,3
1291,17,0,1,7,3,3
1292,15,0,3,8,3,4
1293,18,2,1,2,3,6
1294,13,1,2,2,3,2
1295,12,1,2,2,3,3
1296,13,13,14,5,3,3
1297,14,0,7,2,3,3
1298,11,1,1,4,3,3
1299,22,3,7,7,4,2
1300,17,0,3,3,3,3
1301,21,4,8,8,4,5
1302,22,14,9,14,4,0
1303,16,0,4,3,3,2
1304,12,14,11,10,3,4
1305,12,7,4,7,3,3
1306,15,1,1,7,3,2
1307,14,2,2,2,3,3
1308,25,1,2,2,4,3
1309,20,0,2,3,4,4
1310,13,1,3,2,3,4
1311,14,2,2,2,3,3
1312,16,0,0,0,3,4
1313,17,0,0,0,3,4
1314,15,2,2,0,3,3
1315,22,5,7,7,4,3
1316,22,0,0,0,4,2
1317,20,7,7,7,4,5
1318,14,0,4,2,3,3
1319,13,3,8,10,3,3
1320,13,0,0,0,3,2
1321,22,3,3,3,4,1
1322,12,2,2,0,3,2
1323,14,4,8,7,3,4
1324,15,2,2,2,3,2
1325,17,1,0,6,3,3
1326,13,0,0,0,3,3
1327,12,2,2,2,3,3
1328,12,2,17,8,3,5
1329,21,5,8,8,4,5
1330,11,0,0,0,3,3
1331,13,6,12,14,3,2
1332,12,12,10,9,3,3
1333,24,1,0,0,4,3
1334,21,0,7,7,4,2
1335,19,7,6,3,3,2
1336,14,2,2,2,3,2
1337,20,0,2,4,4,2
1338,19,0,0,0,3,3
1339,13,0,0,0,3,3
1340,23,0,0,0,4,2
1341,13,1,9,7,3,4
1342,11,0,8,2,3,2
1343,13,1,3,0,3,3
1344,14,1,2,2,3,2
1345,22,0,3,4,4,2
1346,11,0,2,2,3,2
1347,13,3,8,8,3,2
1348,21,0,1,8,4,2
1349,11,11,7,16,3,3
1350,13,1,0,0,3,3
1351,14,0,7,7,3,5
1352,11,4,17,7,3,3
1353,15,2,0,2,3,5
1354,23,3,2,0,4,2
1355,16,1,2,0,3,3
1356,16,1,2,3,3,1
1357,21,1,4,4,4,3
1358,13,5,7,7,3,3
1359,11,1,2,4,3,2
1360,12,0,2,1,3,3
1361,12,2,2,2,3,0
1362,18,7,7,7,3,3
1363,12,0,2,3,3,3
1364,14,0,4,9,3,2
1365,12,0,7,7,3,2
1366,17,0,0,0,3,3
1367,19,1,2,2,3,1
1368,11,1,3,2,3,3
1369,15,6,10,11,3,3
1370,11,2,0,2,3,0
1371,18,1,7,7,3,4
1372,16,0,0,0,3,3
1373,25,7,0,9,4,3
1374,16,0,11,7,3,3
1375,13,0,0,0,3,2
1376,14,0,1,3,3,2
1377,19,0,2,3,3,0
1378,15,4,4,3,3,3
1379,12,0,0,0,3,4
1380,12,0,0,0,3,2
1381,16,0,3,4,3,2
1382,14,1,3,4,3,3
1383,13,2,2,3,3,3
1384,22,0,4,2,4,3
1385,21,2,8,1,4,3
1386,18,1,7,1,3,2
1387,13,7,7,6,3,6
1388,12,0,3,2,3,5
1389,18,1,1,2,3,6
1390,21,8,8,7,4,6
1391,12,0,1,3,3,2
1392,14,0,0,0,3,3
1393,11,0,8,9,3,2
1394,14,0,7,7,3,5
1395,24,0,0,0,4,1
1396,11,0,7,8,3,4
1397,13,2,2,2,3,2
1398,11,2,3,3,3,6
1399,20,2,7,8,4,2
1400,17,0,9,9,3,1
1401,11,1,2,2,3,2
1402,18,1,9,4,3,0
1403,11,0,0,0,3,4
1404,12,11,8,10,3,3
1405,12,3,9,7,3,2
1406,20,4,7,8,4,2
1407,19,1,2,4,3,3
1408,12,1,3,2,3,2
1409,13,1,2,4,3,6
1410,11,9,9,4,3,2
1411,14,5,8,10,3,4
1412,14,1,0,2,3,3
1413,13,1,8,7,3,6
1414,19,0,2,2,3,2
1415,23,12,14,11,4,3
1416,12,0,1,0,3,2
1417,15,5,13,8,3,3
1418,19,1,2,2,3,1
1419,11,7,3,7,3,1
1420,17,1,3,2,3,3
1421,22,1,3,0,4,3
1422,18,5,8,12,3,3
1423,11,2,2,2,3,3
1424,12,1,2,2,3,2
1425,19,0,7,8,3,5
1426,13,8,7,1,3,6
1427,13,4,2,1,3,3
1428,19,0,0,0,3,3
1429,14,2,2,2,3,2
1430,13,1,7,7,3,2
1431,12,1,16,11,3,3
1432,19,5,10,7,3,3
1433,25,6,11,8,4,2
1434,22,0,3,4,4,3
1435,15,0,8,0,3,3
1436,12,1,3,2,3,2
1437,11,1,2,2,3,6
1438,13,1,0,3,3,3
1439,19,1,0,0,3,3
1440,19,3,7,4,3,2
1441,13,0,2,2,3,3
1442,21,1,12,9,4,2
1443,14,2,2,2,3,3
1444,11,4,6,14,3,2
1445,11,9,9,8,3,4
1446,23,0,7,10,4,3
1447,21,1,7,7,4,2
1448,24,11,12,11,4,4
1449,11,0,4,4,3,5
1450,14,1,2,2,3,4
1451,16,1,0,7,3,2
1452,11,1,7,9,3,1
1453,12,0,3,1,3,3
1454,13,0,3,0,3,2
1455,15,0,3,1,3,3
1456,14,2,2,2,3,2
1457,14,0,2,2,3,2
1458,14,0,3,2,3,2
1459,12,1,3,1,3,5
1460,13,0,3,3,3,2
1461,14,0,4,4,3,3
1462,13,2,2,0,3,3
1463,11,9,9,6,3,2
1464,19,1,4,7,3,2
1465,18,0,2,0,3,2
1466,17,0,2,3,3,3
1467,15,1,7,7,3,5
1468,20,0,2,3,4,0
1469,14,0,6,8,3,3
1470,12,1,3,2,3,3
