EmployeeNumber,Age,Gender,MaritalStatus,DistanceFromHome,Attrition,AppraisalID,EducationID,ExperianceID,SalaryID,JobDescriptionID,SatisfactionID
1,41,Female,Single,1,Yes,1,1,1,1,1,1
2,49,Male,Married,8,No,2,2,2,2,2,2
4,37,Male,Single,2,Yes,3,3,3,3,3,3
5,33,Female,Married,3,No,4,4,4,4,4,4
7,27,Male,Married,2,No,5,5,5,5,5,5
8,32,Male,Single,2,No,6,6,6,6,6,6
10,59,Female,Married,3,No,7,7,7,7,7,7
11,30,Male,Divorced,24,No,8,8,8,8,8,8
12,38,Male,Single,23,No,9,9,9,9,9,9
13,36,Male,Married,27,No,10,10,10,10,10,10
14,35,Male,Married,16,No,11,11,11,11,11,11
15,29,Female,Single,15,No,12,12,12,12,12,12
16,31,Male,Divorced,26,No,13,13,13,13,13,13
18,34,Male,Divorced,19,No,14,14,14,14,14,14
19,28,Male,Single,24,Yes,15,15,15,15,15,15
20,29,Female,Divorced,21,No,16,16,16,16,16,16
21,32,Male,Divorced,5,No,17,17,17,17,17,17
22,22,Male,Divorced,16,No,18,18,18,18,18,18
23,53,Female,Married,2,No,19,19,19,19,19,19
24,38,Male,Single,2,No,20,20,20,20,20,20
26,24,Female,Divorced,11,No,21,21,21,21,21,21
27,36,Male,Single,9,Yes,22,22,22,22,22,22
28,34,Female,Single,7,No,23,23,23,23,23,23
30,21,Male,Single,15,No,24,24,24,24,24,24
31,34,Male,Single,6,Yes,25,25,25,25,25,25
32,53,Female,Divorced,5,No,26,26,26,26,26,26
33,32,Female,Single,16,Yes,27,27,27,27,27,27
35,42,Male,Married,8,No,28,28,28,28,28,28
36,44,Female,Married,7,No,29,29,29,29,29,29
38,46,Female,Single,2,No,30,30,30,30,30,30
39,33,Male,Single,2,No,31,31,31,31,31,31
40,44,Male,Married,10,No,32,32,32,32,32,32
41,30,Male,Single,9,No,33,33,33,33,33,33
42,39,Male,Married,5,Yes,34,34,34,34,34,34
45,24,Male,Married,1,Yes,35,35,35,35,35,35
46,43,Female,Divorced,2,No,36,36,36,36,36,36
47,50,Male,Married,3,Yes,37,37,37,37,37,37
49,35,Female,Married,2,No,38,38,38,38,38,38
51,36,Female,Married,5,No,39,39,39,39,39,39
52,33,Female,Married,1,No,40,40,40,40,40,40
53,35,Male,Divorced,4,No,41,41,41,41,41,41
54,27,Female,Divorced,2,No,42,42,42,42,42,42
55,26,Male,Single,25,Yes,43,43,43,43,43,43
56,27,Male,Single,8,No,44,44,44,44,44,44
57,30,Female,Single,1,No,45,45,45,45,45,45
58,41,Female,Married,12,Yes,46,46,46,46,46,46
60,34,Male,Single,23,No,47,47,47,47,47,47
61,37,Male,Married,19,No,48,48,48,48,48,48
62,46,Male,Single,5,No,49,49,49,49,49,49
63,35,Male,Married,8,No,50,50,50,50,50,50
64,48,Male,Single,1,Yes,51,51,51,51,51,51
65,28,Male,Single,5,Yes,52,52,52,52,52,52
68,44,Female,Divorced,1,No,53,53,53,53,53,53
70,35,Male,Married,11,No,54,54,54,54,54,54
72,26,Female,Married,23,No,55,55,55,55,55,55
73,33,Female,Single,1,No,56,56,56,56,56,56
74,35,Male,Married,18,No,57,57,57,57,57,57
75,35,Female,Married,23,No,58,58,58,58,58,58
76,31,Male,Divorced,7,No,59,59,59,59,59,59
77,37,Male,Divorced,1,No,60,60,60,60,60,60
78,32,Male,Married,1,No,61,61,61,61,61,61
79,38,Female,Single,29,No,62,62,62,62,62,62
80,50,Female,Divorced,7,No,63,63,63,63,63,63
81,59,Female,Single,25,No,64,64,64,64,64,64
83,36,Female,Divorced,8,No,65,65,65,65,65,65
84,55,Female,Divorced,8,No,66,66,66,66,66,66
85,36,Male,Single,11,No,67,67,67,67,67,67
86,45,Male,Divorced,7,No,68,68,68,68,68,68
88,35,Male,Married,1,No,69,69,69,69,69,69
90,36,Male,Married,9,Yes,70,70,70,70,70,70
91,59,Female,Single,1,No,71,71,71,71,71,71
94,29,Male,Married,2,No,72,72,72,72,72,72
95,31,Male,Single,1,No,73,73,73,73,73,73
96,32,Male,Married,1,No,74,74,74,74,74,74
97,36,Female,Married,6,No,75,75,75,75,75,75
98,31,Female,Single,8,No,76,76,76,76,76,76
100,35,Male,Single,1,No,77,77,77,77,77,77
101,45,Male,Married,6,No,78,78,78,78,78,78
102,37,Male,Single,7,No,79,79,79,79,79,79
103,46,Male,Divorced,5,No,80,80,80,80,80,80
104,30,Male,Married,1,No,81,81,81,81,81,81
105,35,Male,Single,1,No,82,82,82,82,82,82
106,55,Male,Married,1,No,83,83,83,83,83,83
107,38,Female,Divorced,6,No,84,84,84,84,84,84
110,34,Male,Married,1,No,85,85,85,85,85,85
112,56,Male,Single,7,No,86,86,86,86,86,86
113,23,Male,Divorced,2,No,87,87,87,87,87,87
116,51,Male,Married,9,No,88,88,88,88,88,88
117,30,Male,Married,2,No,89,89,89,89,89,89
118,46,Male,Single,9,Yes,90,90,90,90,90,90
119,40,Male,Married,1,No,91,91,91,91,91,91
120,51,Male,Single,21,No,92,92,92,92,92,92
121,30,Female,Divorced,4,No,93,93,93,93,93,93
124,46,Male,Married,1,No,94,94,94,94,94,94
125,32,Male,Single,6,No,95,95,95,95,95,95
126,54,Female,Married,2,No,96,96,96,96,96,96
128,24,Female,Married,3,No,97,97,97,97,97,97
129,28,Male,Married,4,No,98,98,98,98,98,98
131,58,Male,Single,10,No,99,99,99,99,99,99
132,44,Male,Married,23,No,100,100,100,100,100,100
133,37,Male,Divorced,6,Yes,101,101,101,101,101,101
134,32,Male,Single,1,No,102,102,102,102,102,102
137,20,Female,Single,6,Yes,103,103,103,103,103,103
138,34,Female,Single,6,No,104,104,104,104,104,104
139,37,Male,Divorced,2,No,105,105,105,105,105,105
140,59,Female,Married,2,No,106,106,106,106,106,106
141,50,Female,Married,1,No,107,107,107,107,107,107
142,25,Male,Single,5,Yes,108,108,108,108,108,108
143,25,Male,Married,7,No,109,109,109,109,109,109
144,22,Female,Single,15,No,110,110,110,110,110,110
145,51,Female,Single,1,No,111,111,111,111,111,111
147,34,Male,Single,7,Yes,112,112,112,112,112,112
148,54,Female,Single,26,No,113,113,113,113,113,113
150,24,Male,Married,18,No,114,114,114,114,114,114
151,34,Female,Divorced,6,No,115,115,115,115,115,115
152,37,Male,Single,3,No,116,116,116,116,116,116
153,34,Female,Single,5,No,117,117,117,117,117,117
154,36,Female,Married,11,No,118,118,118,118,118,118
155,36,Female,Divorced,3,No,119,119,119,119,119,119
158,43,Male,Married,26,No,120,120,120,120,120,120
159,30,Male,Divorced,23,No,121,121,121,121,121,121
160,33,Male,Married,22,No,122,122,122,122,122,122
161,56,Female,Married,14,Yes,123,123,123,123,123,123
162,51,Male,Single,6,No,124,124,124,124,124,124
163,31,Male,Married,6,Yes,125,125,125,125,125,125
164,26,Female,Married,6,No,126,126,126,126,126,126
165,58,Female,Married,23,Yes,127,127,127,127,127,127
167,19,Male,Single,22,Yes,128,128,128,128,128,128
169,22,Male,Married,2,No,129,129,129,129,129,129
170,49,Female,Married,20,No,130,130,130,130,130,130
171,43,Female,Single,28,No,131,131,131,131,131,131
174,50,Female,Single,12,No,132,132,132,132,132,132
175,31,Female,Married,20,Yes,133,133,133,133,133,133
176,41,Male,Divorced,9,No,134,134,134,134,134,134
177,26,Female,Married,25,No,135,135,135,135,135,135
178,36,Male,Divorced,6,No,136,136,136,136,136,136
179,51,Male,Single,8,Yes,137,137,137,137,137,137
182,39,Female,Married,4,No,138,138,138,138,138,138
183,25,Male,Married,28,No,139,139,139,139,139,139
184,30,Male,Married,9,No,140,140,140,140,140,140
190,32,Female,Single,9,Yes,141,141,141,141,141,141
192,45,Male,Single,29,No,142,142,142,142,142,142
193,38,Female,Single,3,No,143,143,143,143,143,143
194,30,Female,Single,18,No,144,144,144,144,144,144
195,32,Male,Divorced,9,No,145,145,145,145,145,145
197,30,Female,Divorced,5,No,146,146,146,146,146,146
198,30,Male,Single,2,No,147,147,147,147,147,147
199,41,Male,Divorced,10,No,148,148,148,148,148,148
200,41,Male,Married,9,No,149,149,149,149,149,149
201,19,Female,Single,3,No,150,150,150,150,150,150
202,40,Female,Divorced,26,No,151,151,151,151,151,151
204,35,Male,Married,1,No,152,152,152,152,152,152
205,53,Male,Married,6,No,153,153,153,153,153,153
206,45,Male,Divorced,9,No,154,154,154,154,154,154
207,32,Female,Single,8,No,155,155,155,155,155,155
208,29,Male,Married,1,No,156,156,156,156,156,156
211,51,Male,Married,7,No,157,157,157,157,157,157
214,58,Female,Married,9,No,158,158,158,158,158,158
215,40,Male,Married,4,No,159,159,159,159,159,159
216,34,Female,Married,2,No,160,160,160,160,160,160
217,22,Male,Married,19,No,161,161,161,161,161,161
218,27,Male,Divorced,9,No,162,162,162,162,162,162
221,28,Male,Married,21,No,163,163,163,163,163,163
223,57,Male,Divorced,24,No,164,164,164,164,164,164
224,27,Male,Divorced,3,No,165,165,165,165,165,165
226,50,Female,Single,11,No,166,166,166,166,166,166
227,41,Male,Divorced,14,No,167,167,167,167,167,167
228,30,Female,Married,5,No,168,168,168,168,168,168
230,38,Female,Single,1,No,169,169,169,169,169,169
231,32,Male,Single,6,No,170,170,170,170,170,170
233,27,Male,Married,17,No,171,171,171,171,171,171
235,19,Female,Single,1,Yes,172,172,172,172,172,172
238,36,Male,Single,3,No,173,173,173,173,173,173
239,30,Male,Divorced,9,No,174,174,174,174,174,174
240,45,Female,Divorced,4,No,175,175,175,175,175,175
241,56,Female,Divorced,8,No,176,176,176,176,176,176
242,33,Male,Single,2,No,177,177,177,177,177,177
243,19,Male,Single,2,Yes,178,178,178,178,178,178
244,46,Female,Divorced,1,No,179,179,179,179,179,179
245,38,Female,Single,9,No,180,180,180,180,180,180
246,31,Female,Married,12,No,181,181,181,181,181,181
247,34,Female,Single,27,No,182,182,182,182,182,182
248,41,Female,Single,20,Yes,183,183,183,183,183,183
249,50,Male,Married,1,No,184,184,184,184,184,184
250,53,Female,Divorced,13,No,185,185,185,185,185,185
252,33,Female,Married,14,No,186,186,186,186,186,186
253,40,Female,Married,4,No,187,187,187,187,187,187
254,55,Male,Single,14,No,188,188,188,188,188,188
256,34,Male,Married,2,No,189,189,189,189,189,189
258,51,Female,Single,3,No,190,190,190,190,190,190
259,52,Male,Married,1,No,191,191,191,191,191,191
260,27,Female,Single,9,No,192,192,192,192,192,192
261,35,Male,Married,23,Yes,193,193,193,193,193,193
262,43,Male,Divorced,7,No,194,194,194,194,194,194
264,45,Male,Married,2,No,195,195,195,195,195,195
267,37,Male,Married,21,No,196,196,196,196,196,196
269,35,Female,Single,2,No,197,197,197,197,197,197
270,42,Female,Divorced,21,No,198,198,198,198,198,198
271,38,Male,Married,2,No,199,199,199,199,199,199
273,38,Male,Married,29,No,200,200,200,200,200,200
274,27,Male,Married,1,No,201,201,201,201,201,201
275,49,Male,Divorced,18,No,202,202,202,202,202,202
277,34,Male,Divorced,10,No,203,203,203,203,203,203
281,40,Male,Married,19,No,204,204,204,204,204,204
282,38,Male,Married,29,Yes,205,205,205,205,205,205
283,29,Female,Married,27,Yes,206,206,206,206,206,206
284,22,Male,Divorced,5,No,207,207,207,207,207,207
286,36,Female,Single,18,No,208,208,208,208,208,208
287,40,Male,Married,9,No,209,209,209,209,209,209
288,46,Male,Divorced,1,No,210,210,210,210,210,210
291,32,Male,Married,4,Yes,211,211,211,211,211,211
292,30,Male,Single,1,No,212,212,212,212,212,212
293,27,Female,Single,20,No,213,213,213,213,213,213
296,51,Male,Married,8,No,214,214,214,214,214,214
297,30,Female,Single,3,Yes,215,215,215,215,215,215
298,41,Female,Single,6,No,216,216,216,216,216,216
299,30,Female,Single,26,Yes,217,217,217,217,217,217
300,29,Male,Single,1,Yes,218,218,218,218,218,218
302,45,Female,Single,6,No,219,219,219,219,219,219
303,54,Female,Married,3,No,220,220,220,220,220,220
304,36,Male,Single,5,No,221,221,221,221,221,221
305,33,Female,Married,4,No,222,222,222,222,222,222
306,37,Male,Divorced,11,No,223,223,223,223,223,223
307,38,Male,Divorced,3,No,224,224,224,224,224,224
308,31,Male,Married,1,No,225,225,225,225,225,225
309,59,Male,Married,3,No,226,226,226,226,226,226
311,37,Male,Divorced,4,No,227,227,227,227,227,227
312,29,Female,Married,1,No,228,228,228,228,228,228
314,35,Female,Single,1,No,229,229,229,229,229,229
315,29,Male,Single,18,Yes,230,230,230,230,230,230
316,52,Female,Single,2,No,231,231,231,231,231,231
319,42,Male,Married,4,No,232,232,232,232,232,232
321,59,Male,Married,6,No,233,233,233,233,233,233
323,50,Female,Divorced,1,No,234,234,234,234,234,234
325,33,Male,Married,14,Yes,235,235,235,235,235,235
327,43,Female,Married,16,No,236,236,236,236,236,236
328,33,Female,Married,2,Yes,237,237,237,237,237,237
329,52,Male,Single,2,No,238,238,238,238,238,238
330,32,Female,Married,4,No,239,239,239,239,239,239
331,32,Male,Single,1,Yes,240,240,240,240,240,240
332,39,Female,Divorced,1,No,241,241,241,241,241,241
333,32,Male,Married,26,No,242,242,242,242,242,242
334,41,Male,Divorced,19,No,243,243,243,243,243,243
335,40,Male,Divorced,24,No,244,244,244,244,244,244
336,45,Male,Married,1,No,245,245,245,245,245,245
337,31,Male,Divorced,3,No,246,246,246,246,246,246
338,33,Female,Married,5,No,247,247,247,247,247,247
339,34,Male,Married,2,No,248,248,248,248,248,248
340,37,Female,Married,1,No,249,249,249,249,249,249
341,45,Male,Married,7,No,250,250,250,250,250,250
342,37,Male,Divorced,10,Yes,251,251,251,251,251,251
343,39,Female,Single,2,No,252,252,252,252,252,252
346,29,Male,Single,15,No,253,253,253,253,253,253
347,42,Female,Single,17,No,254,254,254,254,254,254
349,29,Male,Divorced,20,No,255,255,255,255,255,255
350,25,Female,Married,1,No,256,256,256,256,256,256
351,42,Female,Divorced,2,No,257,257,257,257,257,257
352,40,Male,Divorced,2,No,258,258,258,258,258,258
353,51,Male,Married,1,No,259,259,259,259,259,259
355,31,Male,Single,29,Yes,260,260,260,260,260,260
359,32,Male,Married,7,No,261,261,261,261,261,261
361,38,Male,Married,2,No,262,262,262,262,262,262
362,32,Male,Single,2,No,263,263,263,263,263,263
363,46,Female,Married,2,No,264,264,264,264,264,264
364,28,Male,Single,2,Yes,265,265,265,265,265,265
366,29,Male,Married,2,No,266,266,266,266,266,266
367,31,Male,Married,23,No,267,267,267,267,267,267
369,25,Male,Divorced,5,No,268,268,268,268,268,268
372,45,Male,Married,20,No,269,269,269,269,269,269
373,36,Male,Married,6,No,270,270,270,270,270,270
374,55,Male,Single,1,No,271,271,271,271,271,271
376,47,Male,Married,29,Yes,272,272,272,272,272,272
377,28,Male,Married,9,No,273,273,273,273,273,273
378,37,Male,Married,6,No,274,274,274,274,274,274
379,21,Male,Single,3,No,275,275,275,275,275,275
380,37,Female,Divorced,1,No,276,276,276,276,276,276
381,35,Female,Divorced,22,No,277,277,277,277,277,277
382,38,Female,Divorced,7,No,278,278,278,278,278,278
384,26,Female,Divorced,1,No,279,279,279,279,279,279
385,50,Male,Divorced,4,No,280,280,280,280,280,280
386,53,Male,Married,3,No,281,281,281,281,281,281
387,42,Male,Married,1,No,282,282,282,282,282,282
388,29,Male,Single,2,No,283,283,283,283,283,283
389,55,Male,Married,20,No,284,284,284,284,284,284
390,26,Male,Married,11,No,285,285,285,285,285,285
391,37,Female,Single,1,No,286,286,286,286,286,286
392,44,Male,Divorced,24,Yes,287,287,287,287,287,287
393,38,Male,Divorced,23,No,288,288,288,288,288,288
394,26,Male,Divorced,16,Yes,289,289,289,289,289,289
395,28,Female,Single,8,No,290,290,290,290,290,290
396,49,Female,Single,10,No,291,291,291,291,291,291
397,36,Male,Single,3,No,292,292,292,292,292,292
399,31,Female,Divorced,5,No,293,293,293,293,293,293
401,26,Male,Single,4,Yes,294,294,294,294,294,294
403,37,Male,Married,9,No,295,295,295,295,295,295
404,42,Female,Married,26,No,296,296,296,296,296,296
405,18,Male,Single,3,Yes,297,297,297,297,297,297
406,35,Male,Married,16,No,298,298,298,298,298,298
407,36,Male,Married,18,No,299,299,299,299,299,299
408,51,Male,Divorced,2,No,300,300,300,300,300,300
410,41,Male,Single,2,No,301,301,301,301,301,301
411,18,Female,Single,10,No,302,302,302,302,302,302
412,28,Male,Single,16,No,303,303,303,303,303,303
416,31,Male,Married,7,No,304,304,304,304,304,304
417,39,Male,Divorced,1,No,305,305,305,305,305,305
419,36,Female,Married,24,No,306,306,306,306,306,306
420,32,Male,Married,7,No,307,307,307,307,307,307
421,38,Female,Married,25,No,308,308,308,308,308,308
422,58,Male,Divorced,1,No,309,309,309,309,309,309
423,31,Male,Married,5,No,310,310,310,310,310,310
424,31,Male,Married,2,No,311,311,311,311,311,311
425,45,Male,Divorced,7,No,312,312,312,312,312,312
426,31,Male,Divorced,2,No,313,313,313,313,313,313
428,33,Female,Married,5,No,314,314,314,314,314,314
429,39,Male,Married,10,No,315,315,315,315,315,315
430,43,Female,Single,10,No,316,316,316,316,316,316
431,49,Female,Single,1,No,317,317,317,317,317,317
433,52,Male,Married,8,Yes,318,318,318,318,318,318
434,27,Female,Single,5,No,319,319,319,319,319,319
436,32,Female,Married,8,No,320,320,320,320,320,320
437,27,Male,Single,2,No,321,321,321,321,321,321
438,31,Male,Divorced,7,No,322,322,322,322,322,322
439,32,Female,Single,2,No,323,323,323,323,323,323
440,28,Male,Married,2,Yes,324,324,324,324,324,324
441,30,Female,Married,28,No,325,325,325,325,325,325
442,31,Female,Married,7,No,326,326,326,326,326,326
444,39,Male,Married,7,No,327,327,327,327,327,327
445,39,Female,Married,3,Yes,328,328,328,328,328,328
446,33,Male,Single,10,No,329,329,329,329,329,329
447,47,Male,Married,5,No,330,330,330,330,330,330
448,43,Female,Divorced,10,No,331,331,331,331,331,331
449,27,Male,Married,1,No,332,332,332,332,332,332
450,54,Female,Single,20,No,333,333,333,333,333,333
451,43,Female,Married,7,No,334,334,334,334,334,334
452,45,Male,Married,8,No,335,335,335,335,335,335
453,40,Male,Married,1,No,336,336,336,336,336,336
454,29,Male,Married,8,Yes,337,337,337,337,337,337
455,29,Male,Single,9,No,338,338,338,338,338,338
456,30,Female,Divorced,5,No,339,339,339,339,339,339
458,27,Female,Married,8,No,340,340,340,340,340,340
460,37,Male,Divorced,5,No,341,341,341,341,341,341
461,38,Male,Divorced,15,No,342,342,342,342,342,342
462,31,Female,Single,7,No,343,343,343,343,343,343
463,29,Female,Divorced,10,No,344,344,344,344,344,344
464,35,Male,Single,5,No,345,345,345,345,345,345
465,23,Male,Divorced,26,No,346,346,346,346,346,346
466,41,Male,Single,6,No,347,347,347,347,347,347
467,47,Male,Single,4,No,348,348,348,348,348,348
468,42,Female,Single,23,No,349,349,349,349,349,349
469,29,Male,Married,2,No,350,350,350,350,350,350
470,42,Male,Divorced,2,No,351,351,351,351,351,351
471,32,Female,Married,2,No,352,352,352,352,352,352
473,48,Female,Married,29,No,353,353,353,353,353,353
474,37,Male,Divorced,6,No,354,354,354,354,354,354
475,30,Female,Married,25,No,355,355,355,355,355,355
476,26,Male,Married,1,No,356,356,356,356,356,356
477,42,Male,Single,2,No,357,357,357,357,357,357
478,21,Female,Single,1,Yes,358,358,358,358,358,358
479,36,Female,Single,1,No,359,359,359,359,359,359
481,36,Male,Married,3,No,360,360,360,360,360,360
482,57,Male,Married,1,No,361,361,361,361,361,361
483,40,Female,Married,10,No,362,362,362,362,362,362
484,21,Male,Single,9,No,363,363,363,363,363,363
485,33,Female,Single,5,Yes,364,364,364,364,364,364
486,37,Female,Married,10,No,365,365,365,365,365,365
487,46,Female,Married,7,No,366,366,366,366,366,366
488,41,Male,Single,4,Yes,367,367,367,367,367,367
491,50,Male,Single,10,No,368,368,368,368,368,368
492,40,Male,Married,22,Yes,369,369,369,369,369,369
493,31,Male,Single,9,No,370,370,370,370,370,370
494,21,Female,Single,12,Yes,371,371,371,371,371,371
495,29,Male,Single,23,No,372,372,372,372,372,372
496,35,Male,Single,9,No,373,373,373,373,373,373
497,27,Male,Divorced,1,No,374,374,374,374,374,374
498,28,Male,Single,9,No,375,375,375,375,375,375
499,49,Male,Single,7,No,376,376,376,376,376,376
500,51,Female,Married,14,No,377,377,377,377,377,377
501,36,Female,Married,2,No,378,378,378,378,378,378
502,34,Male,Single,19,Yes,379,379,379,379,379,379
505,55,Female,Single,2,No,380,380,380,380,380,380
507,24,Female,Divorced,10,No,381,381,381,381,381,381
508,30,Male,Married,2,No,382,382,382,382,382,382
510,26,Male,Single,3,Yes,383,383,383,383,383,383
511,22,Female,Married,11,No,384,384,384,384,384,384
513,36,Male,Married,2,No,385,385,385,385,385,385
514,30,Male,Single,4,Yes,386,386,386,386,386,386
515,37,Female,Divorced,14,No,387,387,387,387,387,387
516,40,Female,Divorced,2,No,388,388,388,388,388,388
517,42,Female,Divorced,1,No,389,389,389,389,389,389
518,37,Male,Single,10,No,390,390,390,390,390,390
520,43,Male,Divorced,12,No,391,391,391,391,391,391
521,40,Female,Married,2,No,392,392,392,392,392,392
522,54,Male,Married,5,No,393,393,393,393,393,393
523,34,Female,Married,4,No,394,394,394,394,394,394
524,31,Female,Married,7,No,395,395,395,395,395,395
525,43,Male,Married,21,No,396,396,396,396,396,396
526,43,Female,Divorced,8,No,397,397,397,397,397,397
527,25,Female,Single,4,No,398,398,398,398,398,398
529,37,Female,Married,25,No,399,399,399,399,399,399
530,31,Male,Married,1,No,400,400,400,400,400,400
531,39,Male,Divorced,1,No,401,401,401,401,401,401
532,56,Female,Married,6,No,402,402,402,402,402,402
533,30,Female,Single,12,No,403,403,403,403,403,403
534,41,Male,Married,1,No,404,404,404,404,404,404
536,28,Male,Divorced,17,No,405,405,405,405,405,405
538,25,Male,Married,3,Yes,406,406,406,406,406,406
543,52,Male,Married,3,No,407,407,407,407,407,407
544,45,Male,Married,10,No,408,408,408,408,408,408
546,52,Female,Married,4,No,409,409,409,409,409,409
547,42,Female,Divorced,29,No,410,410,410,410,410,410
548,30,Female,Single,2,No,411,411,411,411,411,411
549,60,Female,Married,7,No,412,412,412,412,412,412
550,46,Female,Divorced,18,No,413,413,413,413,413,413
551,42,Female,Married,28,No,414,414,414,414,414,414
554,24,Female,Single,1,Yes,415,415,415,415,415,415
555,34,Female,Divorced,6,Yes,416,416,416,416,416,416
556,38,Male,Married,2,No,417,417,417,417,417,417
558,40,Female,Married,2,No,418,418,418,418,418,418
560,26,Female,Divorced,23,No,419,419,419,419,419,419
562,30,Male,Married,3,No,420,420,420,420,420,420
564,29,Male,Married,3,No,421,421,421,421,421,421
565,29,Female,Married,25,Yes,422,422,422,422,422,422
566,19,Male,Single,2,Yes,423,423,423,423,423,423
567,30,Female,Married,22,No,424,424,424,424,424,424
568,57,Male,Divorced,29,No,425,425,425,425,425,425
569,50,Male,Married,29,No,426,426,426,426,426,426
571,30,Female,Single,2,No,427,427,427,427,427,427
573,60,Female,Married,28,No,428,428,428,428,428,428
574,47,Female,Divorced,2,No,429,429,429,429,429,429
575,46,Male,Married,2,No,430,430,430,430,430,430
577,35,Male,Single,22,No,431,431,431,431,431,431
578,54,Female,Single,8,No,432,432,432,432,432,432
579,34,Male,Divorced,2,No,433,433,433,433,433,433
580,46,Female,Married,10,No,434,434,434,434,434,434
581,31,Male,Divorced,9,No,435,435,435,435,435,435
582,33,Male,Married,15,Yes,436,436,436,436,436,436
584,33,Male,Divorced,10,Yes,437,437,437,437,437,437
585,30,Male,Single,7,No,438,438,438,438,438,438
586,35,Male,Married,16,No,439,439,439,439,439,439
587,31,Male,Married,20,Yes,440,440,440,440,440,440
590,34,Female,Divorced,23,Yes,441,441,441,441,441,441
591,42,Male,Married,5,No,442,442,442,442,442,442
592,36,Male,Single,10,No,443,443,443,443,443,443
593,22,Male,Single,4,Yes,444,444,444,444,444,444
595,48,Female,Married,2,No,445,445,445,445,445,445
597,55,Female,Single,18,No,446,446,446,446,446,446
599,41,Male,Single,10,No,447,447,447,447,447,447
600,35,Male,Married,1,No,448,448,448,448,448,448
601,40,Female,Single,6,No,449,449,449,449,449,449
602,39,Female,Married,8,No,450,450,450,450,450,450
604,31,Male,Single,2,No,451,451,451,451,451,451
605,42,Male,Married,24,No,452,452,452,452,452,452
606,45,Male,Married,2,No,453,453,453,453,453,453
608,26,Female,Divorced,17,Yes,454,454,454,454,454,454
611,29,Male,Divorced,19,No,455,455,455,455,455,455
612,33,Female,Divorced,1,No,456,456,456,456,456,456
613,31,Male,Divorced,7,No,457,457,457,457,457,457
614,18,Male,Single,5,Yes,458,458,458,458,458,458
615,40,Male,Divorced,28,No,459,459,459,459,459,459
616,41,Female,Single,2,No,460,460,460,460,460,460
618,26,Male,Divorced,29,No,461,461,461,461,461,461
620,35,Female,Single,1,No,462,462,462,462,462,462
621,34,Male,Single,21,No,463,463,463,463,463,463
622,26,Male,Single,24,Yes,464,464,464,464,464,464
623,37,Female,Single,1,No,465,465,465,465,465,465
624,46,Female,Married,18,No,466,466,466,466,466,466
625,41,Female,Married,2,No,467,467,467,467,467,467
626,37,Male,Divorced,9,No,468,468,468,468,468,468
630,52,Male,Divorced,6,No,469,469,469,469,469,469
631,32,Male,Married,11,Yes,470,470,470,470,470,470
632,24,Male,Married,24,No,471,471,471,471,471,471
634,38,Female,Married,10,No,472,472,472,472,472,472
635,37,Female,Married,1,No,473,473,473,473,473,473
638,49,Male,Divorced,18,No,474,474,474,474,474,474
639,24,Male,Married,23,No,475,475,475,475,475,475
641,26,Male,Married,28,No,476,476,476,476,476,476
643,24,Male,Married,17,No,477,477,477,477,477,477
644,50,Male,Married,3,No,478,478,478,478,478,478
645,25,Male,Married,13,No,479,479,479,479,479,479
647,24,Female,Married,7,Yes,480,480,480,480,480,480
648,30,Male,Married,12,Yes,481,481,481,481,481,481
649,34,Male,Married,1,No,482,482,482,482,482,482
650,31,Male,Divorced,13,Yes,483,483,483,483,483,483
652,35,Male,Single,25,No,484,484,484,484,484,484
653,31,Male,Divorced,6,No,485,485,485,485,485,485
655,27,Female,Divorced,6,No,486,486,486,486,486,486
656,37,Male,Married,2,No,487,487,487,487,487,487
657,20,Female,Single,1,No,488,488,488,488,488,488
659,42,Female,Married,2,No,489,489,489,489,489,489
661,43,Male,Divorced,6,No,490,490,490,490,490,490
662,38,Female,Single,1,No,491,491,491,491,491,491
663,43,Male,Divorced,9,No,492,492,492,492,492,492
664,48,Female,Married,1,No,493,493,493,493,493,493
665,44,Female,Single,1,No,494,494,494,494,494,494
666,34,Female,Divorced,14,No,495,495,495,495,495,495
667,27,Male,Divorced,2,Yes,496,496,496,496,496,496
669,21,Male,Single,22,No,497,497,497,497,497,497
671,44,Male,Married,3,No,498,498,498,498,498,498
675,22,Male,Married,6,No,499,499,499,499,499,499
677,33,Male,Divorced,8,No,500,500,500,500,500,500
679,32,Female,Married,9,No,501,501,501,501,501,501
680,30,Female,Divorced,3,No,502,502,502,502,502,502
682,53,Female,Single,1,No,503,503,503,503,503,503
683,34,Male,Married,1,No,504,504,504,504,504,504
684,45,Female,Married,26,Yes,505,505,505,505,505,505
686,26,Female,Married,6,No,506,506,506,506,506,506
689,37,Male,Married,3,No,507,507,507,507,507,507
690,29,Female,Married,3,No,508,508,508,508,508,508
691,35,Male,Single,6,No,509,509,509,509,509,509
692,33,Male,Divorced,6,No,510,510,510,510,510,510
698,54,Male,Married,19,No,511,511,511,511,511,511
699,36,Male,Divorced,9,No,512,512,512,512,512,512
700,27,Male,Single,3,No,513,513,513,513,513,513
701,20,Male,Single,10,Yes,514,514,514,514,514,514
702,33,Male,Single,3,Yes,515,515,515,515,515,515
704,35,Male,Married,3,No,516,516,516,516,516,516
705,23,Male,Married,4,No,517,517,517,517,517,517
707,25,Male,Married,8,No,518,518,518,518,518,518
709,38,Female,Single,7,No,519,519,519,519,519,519
710,29,Male,Divorced,1,No,520,520,520,520,520,520
712,48,Male,Married,2,No,521,521,521,521,521,521
714,27,Female,Divorced,3,No,522,522,522,522,522,522
715,37,Male,Single,10,No,523,523,523,523,523,523
716,50,Male,Married,28,No,524,524,524,524,524,524
717,34,Female,Single,9,No,525,525,525,525,525,525
720,24,Female,Single,3,Yes,526,526,526,526,526,526
721,39,Female,Single,2,No,527,527,527,527,527,527
722,32,Male,Single,10,No,528,528,528,528,528,528
723,50,Male,Married,8,Yes,529,529,529,529,529,529
724,38,Female,Single,1,No,530,530,530,530,530,530
725,27,Female,Married,1,No,531,531,531,531,531,531
727,32,Female,Single,3,No,532,532,532,532,532,532
728,47,Male,Single,14,No,533,533,533,533,533,533
729,40,Male,Married,5,No,534,534,534,534,534,534
730,53,Male,Married,7,No,535,535,535,535,535,535
731,41,Male,Divorced,10,No,536,536,536,536,536,536
732,60,Male,Single,16,No,537,537,537,537,537,537
733,27,Male,Divorced,10,No,538,538,538,538,538,538
734,41,Male,Married,1,No,539,539,539,539,539,539
738,50,Male,Married,8,No,540,540,540,540,540,540
741,28,Female,Single,1,Yes,541,541,541,541,541,541
742,36,Female,Married,8,No,542,542,542,542,542,542
743,38,Female,Single,1,No,543,543,543,543,543,543
744,44,Male,Single,24,No,544,544,544,544,544,544
746,47,Female,Divorced,3,No,545,545,545,545,545,545
747,30,Male,Divorced,27,No,546,546,546,546,546,546
749,29,Male,Single,10,No,547,547,547,547,547,547
752,42,Male,Divorced,19,Yes,548,548,548,548,548,548
754,43,Male,Married,15,No,549,549,549,549,549,549
757,34,Female,Single,8,No,550,550,550,550,550,550
758,23,Male,Married,9,No,551,551,551,551,551,551
760,39,Female,Married,3,No,552,552,552,552,552,552
762,56,Male,Married,9,No,553,553,553,553,553,553
763,40,Female,Single,2,No,554,554,554,554,554,554
764,27,Female,Single,7,No,555,555,555,555,555,555
766,29,Male,Divorced,10,No,556,556,556,556,556,556
769,53,Male,Single,6,No,557,557,557,557,557,557
771,35,Female,Divorced,2,No,558,558,558,558,558,558
772,32,Male,Married,24,No,559,559,559,559,559,559
773,38,Male,Married,2,No,560,560,560,560,560,560
775,34,Female,Divorced,8,No,561,561,561,561,561,561
776,52,Male,Married,3,No,562,562,562,562,562,562
780,33,Male,Single,1,Yes,563,563,563,563,563,563
781,25,Female,Single,26,No,564,564,564,564,564,564
783,45,Male,Single,2,No,565,565,565,565,565,565
784,23,Male,Single,10,No,566,566,566,566,566,566
785,47,Female,Single,27,Yes,567,567,567,567,567,567
786,34,Male,Single,2,No,568,568,568,568,568,568
787,55,Male,Married,2,Yes,569,569,569,569,569,569
789,36,Male,Single,8,No,570,570,570,570,570,570
791,52,Male,Married,19,No,571,571,571,571,571,571
792,26,Female,Divorced,1,No,572,572,572,572,572,572
793,29,Female,Married,27,No,573,573,573,573,573,573
796,26,Male,Single,8,Yes,574,574,574,574,574,574
797,34,Female,Single,1,No,575,575,575,575,575,575
799,54,Female,Divorced,19,No,576,576,576,576,576,576
800,27,Male,Married,8,No,577,577,577,577,577,577
802,37,Female,Divorced,10,No,578,578,578,578,578,578
803,38,Female,Single,2,No,579,579,579,579,579,579
804,34,Female,Single,2,No,580,580,580,580,580,580
805,35,Female,Married,8,No,581,581,581,581,581,581
806,30,Male,Married,1,No,582,582,582,582,582,582
807,40,Female,Married,2,No,583,583,583,583,583,583
808,34,Female,Married,8,No,584,584,584,584,584,584
809,42,Male,Divorced,8,No,585,585,585,585,585,585
811,23,Male,Married,6,Yes,586,586,586,586,586,586
812,24,Male,Divorced,9,No,587,587,587,587,587,587
813,52,Female,Married,11,No,588,588,588,588,588,588
815,50,Male,Married,2,No,589,589,589,589,589,589
816,29,Female,Married,1,Yes,590,590,590,590,590,590
817,33,Male,Married,7,No,591,591,591,591,591,591
819,33,Female,Single,16,Yes,592,592,592,592,592,592
820,47,Female,Married,2,No,593,593,593,593,593,593
823,36,Female,Married,1,No,594,594,594,594,594,594
824,29,Male,Married,23,No,595,595,595,595,595,595
825,58,Male,Single,2,Yes,596,596,596,596,596,596
826,35,Female,Single,1,No,597,597,597,597,597,597
827,42,Female,Married,1,No,598,598,598,598,598,598
828,28,Male,Single,2,Yes,599,599,599,599,599,599
829,36,Male,Married,13,No,600,600,600,600,600,600
830,32,Female,Married,4,No,601,601,601,601,601,601
832,40,Male,Single,16,No,602,602,602,602,602,602
833,30,Female,Single,2,No,603,603,603,603,603,603
834,45,Female,Single,2,No,604,604,604,604,604,604
836,42,Male,Married,29,No,605,605,605,605,605,605
837,38,Male,Divorced,12,No,606,606,606,606,606,606
838,34,Female,Single,16,No,607,607,607,607,607,607
840,49,Female,Married,11,Yes,608,608,608,608,608,608
842,55,Male,Single,2,Yes,609,609,609,609,609,609
843,43,Male,Married,14,No,610,610,610,610,610,610
844,27,Male,Divorced,5,No,611,611,611,611,611,611
845,35,Male,Single,7,No,612,612,612,612,612,612
846,28,Female,Married,2,No,613,613,613,613,613,613
847,34,Male,Married,3,No,614,614,614,614,614,614
848,26,Female,Married,5,Yes,615,615,615,615,615,615
850,27,Male,Married,3,No,616,616,616,616,616,616
851,51,Female,Married,26,No,617,617,617,617,617,617
852,44,Male,Single,4,No,618,618,618,618,618,618
854,25,Male,Single,2,No,619,619,619,619,619,619
855,33,Male,Divorced,1,No,620,620,620,620,620,620
856,35,Female,Single,27,No,621,621,621,621,621,621
857,36,Male,Married,1,No,622,622,622,622,622,622
859,32,Male,Divorced,13,No,623,623,623,623,623,623
861,30,Male,Divorced,5,No,624,624,624,624,624,624
862,53,Female,Married,7,No,625,625,625,625,625,625
864,45,Male,Divorced,9,No,626,626,626,626,626,626
865,32,Female,Married,8,No,627,627,627,627,627,627
867,52,Female,Married,25,No,628,628,628,628,628,628
868,37,Male,Divorced,16,No,629,629,629,629,629,629
869,28,Male,Divorced,8,No,630,630,630,630,630,630
872,22,Male,Married,1,No,631,631,631,631,631,631
874,44,Male,Married,8,No,632,632,632,632,632,632
875,42,Male,Single,2,No,633,633,633,633,633,633
878,36,Male,Married,8,No,634,634,634,634,634,634
879,25,Male,Married,3,No,635,635,635,635,635,635
880,35,Female,Married,9,No,636,636,636,636,636,636
881,35,Female,Divorced,25,Yes,637,637,637,637,637,637
882,32,Male,Divorced,1,No,638,638,638,638,638,638
885,25,Male,Married,4,No,639,639,639,639,639,639
887,49,Female,Married,1,No,640,640,640,640,640,640
888,24,Male,Married,4,No,641,641,641,641,641,641
889,32,Male,Married,5,No,642,642,642,642,642,642
893,38,Male,Married,9,No,643,643,643,643,643,643
894,42,Female,Married,3,No,644,644,644,644,644,644
895,31,Male,Married,11,No,645,645,645,645,645,645
896,29,Female,Divorced,1,Yes,646,646,646,646,646,646
897,53,Male,Married,8,No,647,647,647,647,647,647
899,35,Male,Married,25,No,648,648,648,648,648,648
900,37,Female,Married,21,No,649,649,649,649,649,649
901,53,Female,Single,23,No,650,650,650,650,650,650
902,43,Female,Married,1,No,651,651,651,651,651,651
903,47,Female,Married,2,No,652,652,652,652,652,652
904,37,Male,Single,19,No,653,653,653,653,653,653
905,50,Male,Divorced,2,No,654,654,654,654,654,654
909,39,Female,Married,2,No,655,655,655,655,655,655
910,33,Male,Divorced,3,No,656,656,656,656,656,656
911,32,Male,Single,25,Yes,657,657,657,657,657,657
912,29,Female,Divorced,7,No,658,658,658,658,658,658
913,44,Male,Married,9,No,659,659,659,659,659,659
916,28,Male,Single,5,No,660,660,660,660,660,660
918,58,Male,Divorced,2,Yes,661,661,661,661,661,661
920,43,Female,Divorced,8,No,662,662,662,662,662,662
922,20,Female,Single,2,Yes,663,663,663,663,663,663
923,21,Female,Single,18,Yes,664,664,664,664,664,664
924,36,Male,Married,14,No,665,665,665,665,665,665
925,47,Female,Single,2,No,666,666,666,666,666,666
926,22,Female,Married,3,Yes,667,667,667,667,667,667
927,41,Female,Divorced,2,Yes,668,668,668,668,668,668
930,28,Female,Divorced,9,No,669,669,669,669,669,669
932,39,Male,Married,6,Yes,670,670,670,670,670,670
933,27,Female,Single,4,No,671,671,671,671,671,671
934,34,Male,Divorced,10,No,672,672,672,672,672,672
936,42,Female,Single,14,No,673,673,673,673,673,673
939,33,Male,Single,1,No,674,674,674,674,674,674
940,58,Female,Divorced,5,No,675,675,675,675,675,675
941,31,Male,Married,7,No,676,676,676,676,676,676
942,35,Female,Married,21,No,677,677,677,677,677,677
944,49,Female,Married,8,No,678,678,678,678,678,678
945,48,Male,Married,20,No,679,679,679,679,679,679
947,31,Female,Married,20,No,680,680,680,680,680,680
949,36,Male,Single,7,No,681,681,681,681,681,681
950,38,Female,Married,1,No,682,682,682,682,682,682
951,32,Female,Married,1,No,683,683,683,683,683,683
952,25,Male,Married,19,Yes,684,684,684,684,684,684
954,40,Male,Divorced,10,No,685,685,685,685,685,685
956,26,Male,Single,1,No,686,686,686,686,686,686
957,41,Male,Single,6,No,687,687,687,687,687,687
958,36,Male,Single,2,No,688,688,688,688,688,688
959,19,Male,Single,21,Yes,689,689,689,689,689,689
960,20,Male,Single,4,Yes,690,690,690,690,690,690
961,31,Female,Married,12,No,691,691,691,691,691,691
964,40,Male,Divorced,9,No,692,692,692,692,692,692
966,32,Female,Married,3,No,693,693,693,693,693,693
967,36,Male,Married,3,Yes,694,694,694,694,694,694
969,33,Female,Single,1,No,695,695,695,695,695,695
970,37,Male,Married,1,Yes,696,696,696,696,696,696
972,45,Male,Married,4,No,697,697,697,697,697,697
974,29,Female,Married,20,No,698,698,698,698,698,698
975,35,Female,Married,18,No,699,699,699,699,699,699
976,52,Male,Married,1,No,700,700,700,700,700,700
977,58,Male,Single,2,Yes,701,701,701,701,701,701
981,53,Male,Divorced,2,No,702,702,702,702,702,702
982,30,Male,Divorced,8,No,703,703,703,703,703,703
983,38,Female,Single,10,No,704,704,704,704,704,704
984,35,Male,Divorced,3,No,705,705,705,705,705,705
985,39,Male,Single,2,No,706,706,706,706,706,706
986,40,Female,Single,24,Yes,707,707,707,707,707,707
987,47,Male,Divorced,16,No,708,708,708,708,708,708
990,36,Male,Divorced,8,No,709,709,709,709,709,709
991,31,Male,Single,9,Yes,710,710,710,710,710,710
992,33,Male,Single,17,No,711,711,711,711,711,711
994,29,Female,Single,10,Yes,712,712,712,712,712,712
995,33,Female,Single,13,No,713,713,713,713,713,713
996,45,Female,Divorced,1,No,714,714,714,714,714,714
997,50,Male,Divorced,1,No,715,715,715,715,715,715
998,33,Female,Married,1,No,716,716,716,716,716,716
999,41,Male,Divorced,9,No,717,717,717,717,717,717
1001,27,Female,Married,16,No,718,718,718,718,718,718
1002,45,Male,Married,23,No,719,719,719,719,719,719
1003,47,Female,Single,4,No,720,720,720,720,720,720
1004,30,Female,Married,22,Yes,721,721,721,721,721,721
1005,50,Male,Married,24,No,722,722,722,722,722,722
1006,38,Male,Married,10,No,723,723,723,723,723,723
1007,46,Male,Divorced,7,No,724,724,724,724,724,724
1009,24,Female,Divorced,17,No,725,725,725,725,725,725
1010,35,Male,Divorced,14,Yes,726,726,726,726,726,726
1011,31,Female,Married,1,No,727,727,727,727,727,727
1012,18,Male,Single,5,No,728,728,728,728,728,728
1013,54,Female,Married,17,No,729,729,729,729,729,729
1014,35,Female,Divorced,25,No,730,730,730,730,730,730
1015,30,Female,Married,8,No,731,731,731,731,731,731
1016,20,Female,Single,11,Yes,732,732,732,732,732,732
1017,30,Female,Single,5,Yes,733,733,733,733,733,733
1018,26,Male,Married,2,No,734,734,734,734,734,734
1019,22,Male,Married,8,No,735,735,735,735,735,735
1022,48,Male,Single,6,No,736,736,736,736,736,736
1024,48,Male,Single,4,No,737,737,737,737,737,737
1025,41,Female,Single,7,No,738,738,738,738,738,738
1026,39,Female,Married,1,No,739,739,739,739,739,739
1027,27,Female,Married,2,No,740,740,740,740,740,740
1028,35,Male,Divorced,10,No,741,741,741,741,741,741
1029,42,Male,Married,5,No,742,742,742,742,742,742
1030,50,Male,Married,9,No,743,743,743,743,743,743
1032,59,Female,Single,2,No,744,744,744,744,744,744
1033,37,Female,Married,11,Yes,745,745,745,745,745,745
1034,55,Male,Married,18,No,746,746,746,746,746,746
1035,41,Female,Divorced,7,No,747,747,747,747,747,747
1036,38,Male,Single,3,No,748,748,748,748,748,748
1037,26,Male,Single,29,Yes,749,749,749,749,749,749
1038,52,Female,Married,2,Yes,750,750,750,750,750,750
1039,44,Female,Married,28,No,751,751,751,751,751,751
1040,50,Female,Married,1,No,752,752,752,752,752,752
1042,36,Female,Single,16,Yes,753,753,753,753,753,753
1043,39,Female,Single,22,No,754,754,754,754,754,754
1044,33,Female,Single,8,No,755,755,755,755,755,755
1045,45,Female,Married,11,No,756,756,756,756,756,756
1046,32,Female,Single,29,No,757,757,757,757,757,757
1047,34,Male,Divorced,1,No,758,758,758,758,758,758
1048,59,Male,Married,1,No,759,759,759,759,759,759
1049,45,Male,Single,24,No,760,760,760,760,760,760
1050,53,Female,Married,2,No,761,761,761,761,761,761
1052,36,Male,Divorced,15,Yes,762,762,762,762,762,762
1053,26,Male,Married,2,Yes,763,763,763,763,763,763
1055,34,Female,Married,10,No,764,764,764,764,764,764
1056,28,Male,Married,10,No,765,765,765,765,765,765
1060,38,Male,Married,3,No,766,766,766,766,766,766
1061,50,Male,Married,2,No,767,767,767,767,767,767
1062,37,Female,Single,3,No,768,768,768,768,768,768
1066,40,Male,Married,26,No,769,769,769,769,769,769
1068,26,Female,Divorced,1,No,770,770,770,770,770,770
1069,46,Male,Divorced,1,No,771,771,771,771,771,771
1070,54,Female,Married,2,No,772,772,772,772,772,772
1071,56,Female,Married,9,No,773,773,773,773,773,773
1073,36,Female,Single,12,No,774,774,774,774,774,774
1074,55,Male,Single,2,No,775,775,775,775,775,775
1076,43,Male,Divorced,25,No,776,776,776,776,776,776
1077,20,Female,Single,9,Yes,777,777,777,777,777,777
1079,21,Female,Single,10,Yes,778,778,778,778,778,778
1080,46,Female,Divorced,8,No,779,779,779,779,779,779
1081,51,Male,Married,4,Yes,780,780,780,780,780,780
1082,28,Male,Single,24,Yes,781,781,781,781,781,781
1083,26,Male,Married,1,No,782,782,782,782,782,782
1084,30,Male,Married,20,No,783,783,783,783,783,783
1085,41,Female,Married,7,No,784,784,784,784,784,784
1088,38,Female,Married,17,No,785,785,785,785,785,785
1092,40,Male,Married,20,No,786,786,786,786,786,786
1094,27,Male,Married,8,No,787,787,787,787,787,787
1096,55,Male,Married,2,No,788,788,788,788,788,788
1097,28,Female,Single,10,No,789,789,789,789,789,789
1098,44,Male,Married,1,Yes,790,790,790,790,790,790
1099,33,Male,Divorced,5,No,791,791,791,791,791,791
1100,35,Male,Single,4,Yes,792,792,792,792,792,792
1101,33,Female,Single,29,Yes,793,793,793,793,793,793
1102,28,Male,Divorced,15,No,794,794,794,794,794,794
1103,34,Male,Single,3,No,795,795,795,795,795,795
1105,37,Female,Divorced,10,No,796,796,796,796,796,796
1106,25,Male,Married,4,Yes,797,797,797,797,797,797
1107,26,Male,Divorced,21,Yes,798,798,798,798,798,798
1108,33,Male,Single,25,Yes,799,799,799,799,799,799
1109,42,Male,Married,2,No,800,800,800,800,800,800
1111,28,Male,Divorced,1,Yes,801,801,801,801,801,801
1113,50,Male,Single,1,Yes,802,802,802,802,802,802
1114,33,Female,Married,7,No,803,803,803,803,803,803
1115,34,Male,Married,3,No,804,804,804,804,804,804
1116,48,Male,Single,1,No,805,805,805,805,805,805
1117,45,Female,Married,9,No,806,806,806,806,806,806
1118,52,Male,Single,7,No,807,807,807,807,807,807
1119,38,Male,Divorced,10,No,808,808,808,808,808,808
1120,29,Female,Divorced,28,No,809,809,809,809,809,809
1121,28,Female,Divorced,3,No,810,810,810,810,810,810
1124,46,Male,Married,3,No,811,811,811,811,811,811
1125,38,Male,Single,2,No,812,812,812,812,812,812
1126,43,Female,Married,27,No,813,813,813,813,813,813
1127,39,Male,Divorced,2,Yes,814,814,814,814,814,814
1128,40,Male,Single,14,No,815,815,815,815,815,815
1131,21,Female,Single,1,No,816,816,816,816,816,816
1132,39,Male,Single,9,No,817,817,817,817,817,817
1133,36,Male,Single,18,No,818,818,818,818,818,818
1135,31,Male,Married,20,No,819,819,819,819,819,819
1136,28,Male,Married,2,No,820,820,820,820,820,820
1137,35,Male,Divorced,11,No,821,821,821,821,821,821
1138,49,Male,Married,8,No,822,822,822,822,822,822
1140,34,Male,Single,2,No,823,823,823,823,823,823
1143,29,Female,Divorced,10,No,824,824,824,824,824,824
1148,42,Male,Single,29,No,825,825,825,825,825,825
1150,29,Male,Married,8,No,826,826,826,826,826,826
1152,38,Male,Married,1,No,827,827,827,827,827,827
1154,28,Male,Divorced,6,No,828,828,828,828,828,828
1156,18,Male,Single,8,Yes,829,829,829,829,829,829
1157,33,Female,Single,9,Yes,830,830,830,830,830,830
1158,41,Male,Married,12,No,831,831,831,831,831,831
1160,31,Male,Married,15,Yes,832,832,832,832,832,832
1161,37,Female,Divorced,25,No,833,833,833,833,833,833
1162,27,Male,Married,6,No,834,834,834,834,834,834
1163,34,Female,Married,9,No,835,835,835,835,835,835
1164,35,Male,Single,8,No,836,836,836,836,836,836
1165,29,Female,Married,23,Yes,837,837,837,837,837,837
1166,40,Female,Single,9,No,838,838,838,838,838,838
1167,42,Male,Single,12,Yes,839,839,839,839,839,839
1171,42,Male,Single,4,No,840,840,840,840,840,840
1172,35,Male,Married,1,No,841,841,841,841,841,841
1173,24,Male,Single,24,No,842,842,842,842,842,842
1175,28,Female,Married,12,Yes,843,843,843,843,843,843
1177,26,Male,Married,3,No,844,844,844,844,844,844
1179,30,Male,Married,10,No,845,845,845,845,845,845
1180,40,Female,Married,26,No,846,846,846,846,846,846
1182,35,Male,Divorced,2,No,847,847,847,847,847,847
1184,34,Male,Single,1,No,848,848,848,848,848,848
1185,35,Male,Married,4,No,849,849,849,849,849,849
1188,43,Female,Single,9,Yes,850,850,850,850,850,850
1190,32,Female,Divorced,2,No,851,851,851,851,851,851
1191,56,Female,Divorced,4,No,852,852,852,852,852,852
1192,29,Female,Married,6,No,853,853,853,853,853,853
1193,19,Male,Single,9,No,854,854,854,854,854,854
1195,45,Female,Married,7,No,855,855,855,855,855,855
1196,37,Female,Married,1,No,856,856,856,856,856,856
1198,20,Male,Single,3,No,857,857,857,857,857,857
1200,44,Male,Single,10,Yes,858,858,858,858,858,858
1201,53,Female,Divorced,7,No,859,859,859,859,859,859
1202,29,Female,Married,15,No,860,860,860,860,860,860
1203,22,Male,Married,3,Yes,861,861,861,861,861,861
1204,46,Female,Married,2,No,862,862,862,862,862,862
1206,44,Male,Single,17,No,863,863,863,863,863,863
1207,33,Male,Married,2,No,864,864,864,864,864,864
1210,41,Male,Divorced,5,Yes,865,865,865,865,865,865
1211,30,Male,Divorced,29,No,866,866,866,866,866,866
1212,40,Male,Married,2,No,867,867,867,867,867,867
1215,50,Female,Married,2,No,868,868,868,868,868,868
1216,28,Male,Married,19,No,869,869,869,869,869,869
1217,46,Male,Married,15,No,870,870,870,870,870,870
1218,35,Male,Married,17,No,871,871,871,871,871,871
1219,24,Female,Married,17,Yes,872,872,872,872,872,872
1220,33,Female,Married,25,No,873,873,873,873,873,873
1221,36,Male,Divorced,6,No,874,874,874,874,874,874
1224,30,Male,Divorced,7,No,875,875,875,875,875,875
1225,44,Male,Single,29,No,876,876,876,876,876,876
1226,20,Male,Single,21,No,877,877,877,877,877,877
1228,46,Male,Divorced,2,No,878,878,878,878,878,878
1231,42,Male,Married,2,No,879,879,879,879,879,879
1233,60,Male,Divorced,7,No,880,880,880,880,880,880
1234,32,Female,Married,13,No,881,881,881,881,881,881
1235,32,Female,Single,2,No,882,882,882,882,882,882
1237,36,Female,Divorced,1,No,883,883,883,883,883,883
1238,33,Male,Married,9,No,884,884,884,884,884,884
1239,40,Female,Divorced,10,No,885,885,885,885,885,885
1240,25,Male,Single,10,No,886,886,886,886,886,886
1241,30,Male,Married,1,No,887,887,887,887,887,887
1242,42,Female,Married,26,No,888,888,888,888,888,888
1243,35,Female,Married,8,No,889,889,889,889,889,889
1244,27,Male,Married,14,No,890,890,890,890,890,890
1245,54,Female,Divorced,1,No,891,891,891,891,891,891
1246,44,Female,Married,2,No,892,892,892,892,892,892
1248,19,Female,Single,10,Yes,893,893,893,893,893,893
1249,29,Female,Divorced,1,No,894,894,894,894,894,894
1250,54,Male,Married,3,No,895,895,895,895,895,895
1251,31,Male,Married,11,No,896,896,896,896,896,896
1252,31,Female,Single,24,No,897,897,897,897,897,897
1254,59,Female,Single,3,No,898,898,898,898,898,898
1255,43,Male,Married,3,No,899,899,899,899,899,899
1256,49,Male,Married,4,No,900,900,900,900,900,900
1257,36,Male,Married,3,No,901,901,901,901,901,901
1258,48,Male,Single,2,No,902,902,902,902,902,902
1259,27,Male,Divorced,4,No,903,903,903,903,903,903
1260,29,Male,Divorced,7,No,904,904,904,904,904,904
1263,48,Male,Single,1,No,905,905,905,905,905,905
1264,29,Female,Divorced,1,No,906,906,906,906,906,906
1265,34,Female,Married,20,No,907,907,907,907,907,907
1267,44,Male,Married,5,No,908,908,908,908,908,908
1268,33,Male,Divorced,10,No,909,909,909,909,909,909
1269,19,Female,Single,25,No,910,910,910,910,910,910
1270,23,Male,Married,1,No,911,911,911,911,911,911
1273,25,Male,Single,24,Yes,912,912,912,912,912,912
1275,26,Male,Single,4,No,913,913,913,913,913,913
1277,45,Female,Single,2,Yes,914,914,914,914,914,914
1278,55,Male,Divorced,8,No,915,915,915,915,915,915
1279,21,Female,Single,10,Yes,916,916,916,916,916,916
1280,46,Female,Married,4,No,917,917,917,917,917,917
1281,34,Female,Single,2,No,918,918,918,918,918,918
1282,51,Male,Divorced,9,No,919,919,919,919,919,919
1283,59,Male,Single,18,No,920,920,920,920,920,920
1285,34,Female,Divorced,19,No,921,921,921,921,921,921
1286,28,Male,Single,1,No,922,922,922,922,922,922
1288,44,Male,Divorced,4,No,923,923,923,923,923,923
1289,34,Male,Married,11,No,924,924,924,924,924,924
1291,35,Male,Married,6,No,925,925,925,925,925,925
1292,42,Female,Married,7,No,926,926,926,926,926,926
1293,43,Female,Single,4,No,927,927,927,927,927,927
1294,36,Female,Single,2,No,928,928,928,928,928,928
1295,44,Female,Married,15,Yes,929,929,929,929,929,929
1296,28,Male,Married,2,No,930,930,930,930,930,930
1297,51,Female,Single,6,No,931,931,931,931,931,931
1298,30,Female,Single,9,No,932,932,932,932,932,932
1299,29,Female,Divorced,7,Yes,933,933,933,933,933,933
1301,28,Male,Single,1,No,934,934,934,934,934,934
1303,25,Female,Single,1,No,935,935,935,935,935,935
1304,32,Male,Married,8,No,936,936,936,936,936,936
1306,45,Female,Single,25,No,937,937,937,937,937,937
1307,39,Female,Divorced,13,No,938,938,938,938,938,938
1308,58,Male,Divorced,23,No,939,939,939,939,939,939
1309,32,Male,Married,7,Yes,940,940,940,940,940,940
1310,39,Male,Single,23,Yes,941,941,941,941,941,941
1311,30,Female,Married,6,No,942,942,942,942,942,942
1312,36,Female,Married,10,No,943,943,943,943,943,943
1314,46,Female,Single,1,No,944,944,944,944,944,944
1315,28,Female,Married,1,No,945,945,945,945,945,945
1317,50,Female,Married,28,No,946,946,946,946,946,946
1318,40,Male,Single,25,Yes,947,947,947,947,947,947
1319,52,Male,Single,5,Yes,948,948,948,948,948,948
1321,30,Female,Married,17,No,949,949,949,949,949,949
1322,39,Male,Single,18,No,950,950,950,950,950,950
1324,31,Female,Divorced,2,No,951,951,951,951,951,951
1329,41,Male,Single,10,No,952,952,952,952,952,952
1331,31,Female,Single,1,Yes,953,953,953,953,953,953
1333,44,Male,Married,3,Yes,954,954,954,954,954,954
1334,42,Male,Married,2,No,955,955,955,955,955,955
1336,55,Female,Married,2,No,956,956,956,956,956,956
1338,56,Male,Single,8,No,957,957,957,957,957,957
1340,40,Male,Divorced,16,No,958,958,958,958,958,958
1344,34,Male,Divorced,9,No,959,959,959,959,959,959
1346,40,Male,Single,2,No,960,960,960,960,960,960
1349,41,Female,Divorced,1,No,961,961,961,961,961,961
1350,35,Male,Single,4,No,962,962,962,962,962,962
1352,51,Male,Divorced,5,No,963,963,963,963,963,963
1355,38,Female,Divorced,2,No,964,964,964,964,964,964
1356,34,Female,Single,15,No,965,965,965,965,965,965
1358,25,Male,Married,19,No,966,966,966,966,966,966
1360,58,Female,Married,7,Yes,967,967,967,967,967,967
1361,40,Male,Married,1,No,968,968,968,968,968,968
1362,36,Female,Married,7,No,969,969,969,969,969,969
1363,48,Male,Single,4,No,970,970,970,970,970,970
1364,27,Female,Married,11,No,971,971,971,971,971,971
1367,51,Female,Single,11,No,972,972,972,972,972,972
1368,18,Female,Single,1,No,973,973,973,973,973,973
1369,35,Female,Married,1,No,974,974,974,974,974,974
1371,27,Male,Single,2,No,975,975,975,975,975,975
1372,55,Male,Single,13,Yes,976,976,976,976,976,976
1373,56,Male,Married,23,No,977,977,977,977,977,977
1374,34,Female,Divorced,26,No,978,978,978,978,978,978
1375,40,Female,Divorced,2,No,979,979,979,979,979,979
1377,34,Male,Married,29,No,980,980,980,980,980,980
1379,31,Female,Single,2,Yes,981,981,981,981,981,981
1380,35,Female,Married,18,Yes,982,982,982,982,982,982
1382,38,Male,Divorced,7,No,983,983,983,983,983,983
1383,34,Female,Single,2,No,984,984,984,984,984,984
1387,28,Male,Married,26,No,985,985,985,985,985,985
1389,31,Male,Married,22,Yes,986,986,986,986,986,986
1390,39,Male,Married,21,No,987,987,987,987,987,987
1391,51,Male,Married,2,No,988,988,988,988,988,988
1392,41,Female,Divorced,22,No,989,989,989,989,989,989
1394,37,Male,Married,4,No,990,990,990,990,990,990
1395,33,Male,Married,5,No,991,991,991,991,991,991
1396,32,Male,Married,2,No,992,992,992,992,992,992
1397,39,Male,Married,25,No,993,993,993,993,993,993
1399,25,Male,Married,18,No,994,994,994,994,994,994
1401,52,Female,Married,28,No,995,995,995,995,995,995
1402,43,Female,Single,6,No,996,996,996,996,996,996
1403,27,Female,Married,10,No,997,997,997,997,997,997
1405,27,Female,Single,17,Yes,998,998,998,998,998,998
1407,26,Male,Single,2,No,999,999,999,999,999,999
1408,42,Female,Married,10,No,1000,1000,1000,1000,1000,1000
1409,52,Female,Married,8,No,1001,1001,1001,1001,1001,1001
1411,37,Female,Single,11,No,1002,1002,1002,1002,1002,1002
1412,35,Male,Single,18,No,1003,1003,1003,1003,1003,1003
1415,25,Male,Married,1,No,1004,1004,1004,1004,1004,1004
1417,26,Male,Single,7,No,1005,1005,1005,1005,1005,1005
1419,29,Male,Single,17,No,1006,1006,1006,1006,1006,1006
1420,49,Male,Single,28,Yes,1007,1007,1007,1007,1007,1007
1421,29,Female,Single,14,Yes,1008,1008,1008,1008,1008,1008
1422,54,Female,Single,1,No,1009,1009,1009,1009,1009,1009
1423,58,Female,Married,1,No,1010,1010,1010,1010,1010,1010
1424,55,Male,Divorced,1,No,1011,1011,1011,1011,1011,1011
1425,36,Female,Single,3,No,1012,1012,1012,1012,1012,1012
1427,31,Female,Single,1,Yes,1013,1013,1013,1013,1013,1013
1428,30,Female,Divorced,7,No,1014,1014,1014,1014,1014,1014
1430,31,Female,Single,8,No,1015,1015,1015,1015,1015,1015
1431,34,Male,Divorced,1,No,1016,1016,1016,1016,1016,1016
1433,31,Female,Single,8,Yes,1017,1017,1017,1017,1017,1017
1434,27,Male,Married,11,No,1018,1018,1018,1018,1018,1018
1435,36,Male,Single,4,No,1019,1019,1019,1019,1019,1019
1436,36,Female,Married,16,No,1020,1020,1020,1020,1020,1020
1438,47,Male,Married,1,No,1021,1021,1021,1021,1021,1021
1439,25,Male,Married,9,Yes,1022,1022,1022,1022,1022,1022
1440,37,Male,Single,5,No,1023,1023,1023,1023,1023,1023
1441,56,Female,Married,1,No,1024,1024,1024,1024,1024,1024
1443,47,Female,Married,2,No,1025,1025,1025,1025,1025,1025
1445,24,Female,Married,4,No,1026,1026,1026,1026,1026,1026
1446,32,Male,Married,7,No,1027,1027,1027,1027,1027,1027
1447,34,Female,Married,1,No,1028,1028,1028,1028,1028,1028
1448,41,Male,Married,5,No,1029,1029,1029,1029,1029,1029
1449,40,Male,Divorced,9,No,1030,1030,1030,1030,1030,1030
1453,31,Male,Divorced,8,No,1031,1031,1031,1031,1031,1031
1457,46,Male,Divorced,9,Yes,1032,1032,1032,1032,1032,1032
1458,39,Female,Single,2,Yes,1033,1033,1033,1033,1033,1033
1459,31,Female,Single,1,Yes,1034,1034,1034,1034,1034,1034
1460,45,Male,Divorced,20,No,1035,1035,1035,1035,1035,1035
1461,31,Female,Single,8,No,1036,1036,1036,1036,1036,1036
1464,31,Male,Married,2,Yes,1037,1037,1037,1037,1037,1037
1465,45,Male,Married,29,No,1038,1038,1038,1038,1038,1038
1466,48,Male,Divorced,7,No,1039,1039,1039,1039,1039,1039
1467,34,Female,Married,9,Yes,1040,1040,1040,1040,1040,1040
1468,40,Male,Divorced,8,No,1041,1041,1041,1041,1041,1041
1469,28,Male,Single,5,No,1042,1042,1042,1042,1042,1042
1471,44,Male,Single,5,No,1043,1043,1043,1043,1043,1043
1472,53,Male,Single,2,No,1044,1044,1044,1044,1044,1044
1473,49,Male,Married,5,No,1045,1045,1045,1045,1045,1045
1474,40,Male,Divorced,2,No,1046,1046,1046,1046,1046,1046
1475,44,Male,Single,20,No,1047,1047,1047,1047,1047,1047
1477,33,Male,Married,7,No,1048,1048,1048,1048,1048,1048
1478,34,Male,Single,3,No,1049,1049,1049,1049,1049,1049
1479,30,Male,Married,16,No,1050,1050,1050,1050,1050,1050
1480,42,Female,Single,9,No,1051,1051,1051,1051,1051,1051
1481,44,Female,Married,1,No,1052,1052,1052,1052,1052,1052
1482,30,Male,Divorced,7,No,1053,1053,1053,1053,1053,1053
1483,57,Male,Married,1,No,1054,1054,1054,1054,1054,1054
1484,49,Male,Divorced,7,No,1055,1055,1055,1055,1055,1055
1485,34,Male,Divorced,15,No,1056,1056,1056,1056,1056,1056
1486,28,Male,Married,1,Yes,1057,1057,1057,1057,1057,1057
1487,29,Female,Single,13,Yes,1058,1058,1058,1058,1058,1058
1489,34,Female,Single,24,Yes,1059,1059,1059,1059,1059,1059
1492,35,Male,Married,7,No,1060,1060,1060,1060,1060,1060
1494,24,Male,Single,9,Yes,1061,1061,1061,1061,1061,1061
1495,24,Female,Married,13,No,1062,1062,1062,1062,1062,1062
1496,44,Male,Single,2,No,1063,1063,1063,1063,1063,1063
1497,29,Male,Divorced,19,No,1064,1064,1064,1064,1064,1064
1499,30,Male,Divorced,1,No,1065,1065,1065,1065,1065,1065
1501,55,Male,Married,4,No,1066,1066,1066,1066,1066,1066
1502,33,Female,Married,4,No,1067,1067,1067,1067,1067,1067
1503,47,Female,Married,14,No,1068,1068,1068,1068,1068,1068
1504,28,Male,Single,2,Yes,1069,1069,1069,1069,1069,1069
1506,28,Male,Divorced,1,No,1070,1070,1070,1070,1070,1070
1507,28,Male,Single,7,No,1071,1071,1071,1071,1071,1071
1509,49,Female,Married,3,No,1072,1072,1072,1072,1072,1072
1513,29,Female,Married,2,No,1073,1073,1073,1073,1073,1073
1514,28,Male,Married,29,No,1074,1074,1074,1074,1074,1074
1515,33,Male,Single,8,No,1075,1075,1075,1075,1075,1075
1516,32,Male,Single,10,No,1076,1076,1076,1076,1076,1076
1520,54,Female,Divorced,11,No,1077,1077,1077,1077,1077,1077
1522,29,Male,Single,1,Yes,1078,1078,1078,1078,1078,1078
1523,44,Male,Married,28,No,1079,1079,1079,1079,1079,1079
1525,39,Female,Single,6,No,1080,1080,1080,1080,1080,1080
1527,46,Female,Married,3,No,1081,1081,1081,1081,1081,1081
1529,35,Female,Single,16,No,1082,1082,1082,1082,1082,1082
1533,23,Male,Single,20,No,1083,1083,1083,1083,1083,1083
1534,40,Male,Single,9,Yes,1084,1084,1084,1084,1084,1084
1535,34,Male,Married,1,No,1085,1085,1085,1085,1085,1085
1537,31,Female,Single,3,Yes,1086,1086,1086,1086,1086,1086
1539,50,Male,Single,22,No,1087,1087,1087,1087,1087,1087
1541,34,Male,Married,7,No,1088,1088,1088,1088,1088,1088
1542,42,Male,Married,2,No,1089,1089,1089,1089,1089,1089
1543,37,Male,Married,13,No,1090,1090,1090,1090,1090,1090
1544,29,Female,Married,8,No,1091,1091,1091,1091,1091,1091
1545,33,Male,Single,25,No,1092,1092,1092,1092,1092,1092
1546,45,Male,Married,28,No,1093,1093,1093,1093,1093,1093
1547,42,Male,Married,2,No,1094,1094,1094,1094,1094,1094
1548,40,Male,Married,9,No,1095,1095,1095,1095,1095,1095
1549,33,Male,Married,28,No,1096,1096,1096,1096,1096,1096
1550,40,Male,Single,6,No,1097,1097,1097,1097,1097,1097
1551,24,Male,Divorced,21,No,1098,1098,1098,1098,1098,1098
1552,40,Male,Divorced,8,No,1099,1099,1099,1099,1099,1099
1553,45,Male,Divorced,1,No,1100,1100,1100,1100,1100,1100
1554,35,Female,Married,28,No,1101,1101,1101,1101,1101,1101
1555,32,Female,Married,5,No,1102,1102,1102,1102,1102,1102
1556,36,Male,Single,2,No,1103,1103,1103,1103,1103,1103
1557,48,Female,Divorced,16,No,1104,1104,1104,1104,1104,1104
1558,29,Male,Married,9,No,1105,1105,1105,1105,1105,1105
1560,33,Male,Married,8,No,1106,1106,1106,1106,1106,1106
1562,30,Male,Married,1,Yes,1107,1107,1107,1107,1107,1107
1563,38,Male,Married,10,No,1108,1108,1108,1108,1108,1108
1564,35,Male,Single,1,No,1109,1109,1109,1109,1109,1109
1568,30,Male,Married,29,No,1110,1110,1110,1110,1110,1110
1569,35,Female,Divorced,2,Yes,1111,1111,1111,1111,1111,1111
1572,53,Female,Married,2,Yes,1112,1112,1112,1112,1112,1112
1573,38,Male,Married,2,Yes,1113,1113,1113,1113,1113,1113
1574,32,Male,Married,1,No,1114,1114,1114,1114,1114,1114
1576,48,Female,Married,15,No,1115,1115,1115,1115,1115,1115
1577,34,Male,Single,7,No,1116,1116,1116,1116,1116,1116
1578,55,Male,Married,26,No,1117,1117,1117,1117,1117,1117
1580,34,Male,Married,1,No,1118,1118,1118,1118,1118,1118
1581,26,Female,Married,3,No,1119,1119,1119,1119,1119,1119
1582,38,Male,Married,14,No,1120,1120,1120,1120,1120,1120
1583,38,Female,Single,16,No,1121,1121,1121,1121,1121,1121
1585,36,Female,Single,1,No,1122,1122,1122,1122,1122,1122
1586,29,Male,Single,3,No,1123,1123,1123,1123,1123,1123
1587,35,Female,Single,10,No,1124,1124,1124,1124,1124,1124
1588,39,Male,Married,6,No,1125,1125,1125,1125,1125,1125
1590,29,Male,Divorced,2,No,1126,1126,1126,1126,1126,1126
1591,50,Male,Married,9,No,1127,1127,1127,1127,1127,1127
1592,23,Male,Married,10,No,1128,1128,1128,1128,1128,1128
1594,36,Male,Married,6,No,1129,1129,1129,1129,1129,1129
1595,42,Male,Single,9,No,1130,1130,1130,1130,1130,1130
1596,35,Male,Married,28,No,1131,1131,1131,1131,1131,1131
1597,34,Male,Married,10,No,1132,1132,1132,1132,1132,1132
1598,40,Female,Married,14,No,1133,1133,1133,1133,1133,1133
1599,43,Male,Divorced,27,No,1134,1134,1134,1134,1134,1134
1601,35,Male,Married,7,No,1135,1135,1135,1135,1135,1135
1602,46,Male,Single,1,No,1136,1136,1136,1136,1136,1136
1604,28,Male,Married,24,Yes,1137,1137,1137,1137,1137,1137
1605,22,Female,Married,26,No,1138,1138,1138,1138,1138,1138
1606,50,Male,Married,20,No,1139,1139,1139,1139,1139,1139
1607,32,Female,Married,5,No,1140,1140,1140,1140,1140,1140
1608,44,Female,Divorced,7,No,1141,1141,1141,1141,1141,1141
1609,30,Male,Married,7,No,1142,1142,1142,1142,1142,1142
1611,45,Female,Single,5,No,1143,1143,1143,1143,1143,1143
1612,45,Male,Married,26,No,1144,1144,1144,1144,1144,1144
1613,31,Male,Single,2,No,1145,1145,1145,1145,1145,1145
1614,36,Female,Married,12,No,1146,1146,1146,1146,1146,1146
1615,34,Male,Divorced,10,No,1147,1147,1147,1147,1147,1147
1617,49,Female,Married,25,No,1148,1148,1148,1148,1148,1148
1618,39,Male,Married,10,No,1149,1149,1149,1149,1149,1149
1619,27,Male,Divorced,19,No,1150,1150,1150,1150,1150,1150
1621,35,Male,Married,18,No,1151,1151,1151,1151,1151,1151
1622,28,Female,Divorced,27,No,1152,1152,1152,1152,1152,1152
1623,21,Male,Single,5,No,1153,1153,1153,1153,1153,1153
1624,18,Female,Single,3,Yes,1154,1154,1154,1154,1154,1154
1625,47,Female,Married,26,No,1155,1155,1155,1155,1155,1155
1627,39,Male,Divorced,3,No,1156,1156,1156,1156,1156,1156
1628,40,Female,Married,15,No,1157,1157,1157,1157,1157,1157
1630,35,Female,Married,8,No,1158,1158,1158,1158,1158,1158
1631,37,Male,Married,19,No,1159,1159,1159,1159,1159,1159
1633,39,Female,Single,4,No,1160,1160,1160,1160,1160,1160
1635,45,Female,Divorced,2,No,1161,1161,1161,1161,1161,1161
1638,38,Female,Married,2,No,1162,1162,1162,1162,1162,1162
1639,35,Male,Married,10,Yes,1163,1163,1163,1163,1163,1163
1640,37,Female,Married,10,No,1164,1164,1164,1164,1164,1164
1641,40,Female,Single,16,No,1165,1165,1165,1165,1165,1165
1642,44,Male,Married,1,No,1166,1166,1166,1166,1166,1166
1644,48,Male,Married,4,No,1167,1167,1167,1167,1167,1167
1645,35,Male,Divorced,15,Yes,1168,1168,1168,1168,1168,1168
1646,24,Female,Single,2,No,1169,1169,1169,1169,1169,1169
1647,27,Female,Married,8,No,1170,1170,1170,1170,1170,1170
1648,27,Male,Single,2,No,1171,1171,1171,1171,1171,1171
1649,40,Male,Single,7,Yes,1172,1172,1172,1172,1172,1172
1650,29,Male,Single,10,No,1173,1173,1173,1173,1173,1173
1651,36,Female,Married,5,No,1174,1174,1174,1174,1174,1174
1653,25,Male,Divorced,2,No,1175,1175,1175,1175,1175,1175
1654,39,Male,Married,12,No,1176,1176,1176,1176,1176,1176
1655,49,Female,Married,22,No,1177,1177,1177,1177,1177,1177
1656,50,Female,Divorced,17,No,1178,1178,1178,1178,1178,1178
1657,20,Female,Single,2,No,1179,1179,1179,1179,1179,1179
1658,34,Female,Divorced,3,No,1180,1180,1180,1180,1180,1180
1659,36,Male,Single,7,No,1181,1181,1181,1181,1181,1181
1661,49,Female,Married,6,No,1182,1182,1182,1182,1182,1182
1662,36,Female,Married,1,No,1183,1183,1183,1183,1183,1183
1664,36,Male,Divorced,3,No,1184,1184,1184,1184,1184,1184
1665,54,Female,Married,22,No,1185,1185,1185,1185,1185,1185
1666,43,Male,Married,15,No,1186,1186,1186,1186,1186,1186
1667,35,Male,Single,12,Yes,1187,1187,1187,1187,1187,1187
1668,38,Male,Married,1,No,1188,1188,1188,1188,1188,1188
1669,29,Male,Divorced,5,No,1189,1189,1189,1189,1189,1189
1670,33,Male,Divorced,2,No,1190,1190,1190,1190,1190,1190
1671,32,Male,Divorced,2,No,1191,1191,1191,1191,1191,1191
1673,31,Female,Married,5,No,1192,1192,1192,1192,1192,1192
1674,49,Female,Divorced,16,No,1193,1193,1193,1193,1193,1193
1675,38,Female,Single,2,No,1194,1194,1194,1194,1194,1194
1676,47,Female,Divorced,2,No,1195,1195,1195,1195,1195,1195
1677,49,Male,Single,1,No,1196,1196,1196,1196,1196,1196
1678,41,Male,Single,23,No,1197,1197,1197,1197,1197,1197
1680,20,Male,Single,9,No,1198,1198,1198,1198,1198,1198
1681,33,Female,Divorced,16,No,1199,1199,1199,1199,1199,1199
1682,36,Male,Married,26,No,1200,1200,1200,1200,1200,1200
1683,44,Female,Divorced,1,No,1201,1201,1201,1201,1201,1201
1684,23,Male,Single,8,Yes,1202,1202,1202,1202,1202,1202
1687,38,Female,Married,4,No,1203,1203,1203,1203,1203,1203
1689,53,Male,Married,24,No,1204,1204,1204,1204,1204,1204
1691,48,Female,Married,7,Yes,1205,1205,1205,1205,1205,1205
1692,32,Male,Single,2,Yes,1206,1206,1206,1206,1206,1206
1693,26,Male,Single,7,No,1207,1207,1207,1207,1207,1207
1694,55,Male,Divorced,22,No,1208,1208,1208,1208,1208,1208
1696,34,Male,Married,5,No,1209,1209,1209,1209,1209,1209
1697,60,Male,Divorced,1,No,1210,1210,1210,1210,1210,1210
1698,33,Male,Married,21,No,1211,1211,1211,1211,1211,1211
1700,37,Male,Divorced,1,No,1212,1212,1212,1212,1212,1212
1701,34,Female,Married,19,No,1213,1213,1213,1213,1213,1213
1702,23,Male,Divorced,7,Yes,1214,1214,1214,1214,1214,1214
1703,44,Female,Married,2,No,1215,1215,1215,1215,1215,1215
1704,35,Male,Single,2,No,1216,1216,1216,1216,1216,1216
1706,43,Male,Married,2,No,1217,1217,1217,1217,1217,1217
1707,24,Male,Married,9,No,1218,1218,1218,1218,1218,1218
1708,41,Male,Single,6,No,1219,1219,1219,1219,1219,1219
1709,29,Female,Married,9,No,1220,1220,1220,1220,1220,1220
1710,36,Female,Single,2,No,1221,1221,1221,1221,1221,1221
1712,45,Male,Married,1,No,1222,1222,1222,1222,1222,1222
1714,24,Male,Married,22,Yes,1223,1223,1223,1223,1223,1223
1716,47,Male,Married,9,Yes,1224,1224,1224,1224,1224,1224
1718,26,Male,Married,17,No,1225,1225,1225,1225,1225,1225
1719,45,Female,Single,28,No,1226,1226,1226,1226,1226,1226
1720,32,Male,Married,10,No,1227,1227,1227,1227,1227,1227
1721,31,Male,Married,2,No,1228,1228,1228,1228,1228,1228
1722,41,Male,Married,4,No,1229,1229,1229,1229,1229,1229
1724,40,Female,Married,8,No,1230,1230,1230,1230,1230,1230
1725,24,Male,Divorced,29,No,1231,1231,1231,1231,1231,1231
1727,46,Male,Single,13,No,1232,1232,1232,1232,1232,1232
1728,35,Male,Married,27,No,1233,1233,1233,1233,1233,1233
1729,30,Male,Married,16,No,1234,1234,1234,1234,1234,1234
1731,47,Male,Married,2,No,1235,1235,1235,1235,1235,1235
1732,46,Male,Divorced,2,No,1236,1236,1236,1236,1236,1236
1733,36,Male,Divorced,13,Yes,1237,1237,1237,1237,1237,1237
1734,32,Male,Single,1,Yes,1238,1238,1238,1238,1238,1238
1735,23,Female,Single,4,No,1239,1239,1239,1239,1239,1239
1736,31,Female,Single,24,No,1240,1240,1240,1240,1240,1240
1737,39,Male,Married,1,No,1241,1241,1241,1241,1241,1241
1739,32,Male,Married,19,No,1242,1242,1242,1242,1242,1242
1740,40,Male,Single,7,No,1243,1243,1243,1243,1243,1243
1744,45,Female,Married,4,No,1244,1244,1244,1244,1244,1244
1745,30,Female,Single,2,No,1245,1245,1245,1245,1245,1245
1746,24,Male,Married,10,No,1246,1246,1246,1246,1246,1246
1747,30,Female,Divorced,8,Yes,1247,1247,1247,1247,1247,1247
1749,31,Male,Married,5,No,1248,1248,1248,1248,1248,1248
1751,27,Female,Single,8,No,1249,1249,1249,1249,1249,1249
1752,29,Female,Single,9,Yes,1250,1250,1250,1250,1250,1250
1753,29,Male,Single,1,No,1251,1251,1251,1251,1251,1251
1754,30,Male,Divorced,15,No,1252,1252,1252,1252,1252,1252
1755,34,Male,Married,2,No,1253,1253,1253,1253,1253,1253
1756,33,Female,Single,2,No,1254,1254,1254,1254,1254,1254
1757,49,Female,Single,11,No,1255,1255,1255,1255,1255,1255
1758,33,Female,Single,16,Yes,1256,1256,1256,1256,1256,1256
1760,38,Female,Married,2,No,1257,1257,1257,1257,1257,1257
1761,31,Male,Married,16,Yes,1258,1258,1258,1258,1258,1258
1762,29,Female,Divorced,4,No,1259,1259,1259,1259,1259,1259
1763,30,Male,Married,16,No,1260,1260,1260,1260,1260,1260
1764,32,Male,Single,5,No,1261,1261,1261,1261,1261,1261
1766,38,Male,Married,18,No,1262,1262,1262,1262,1262,1262
1767,43,Male,Married,17,Yes,1263,1263,1263,1263,1263,1263
1768,42,Male,Divorced,12,No,1264,1264,1264,1264,1264,1264
1770,55,Male,Married,2,No,1265,1265,1265,1265,1265,1265
1771,33,Male,Divorced,4,No,1266,1266,1266,1266,1266,1266
1772,41,Male,Divorced,9,No,1267,1267,1267,1267,1267,1267
1774,34,Male,Divorced,10,No,1268,1268,1268,1268,1268,1268
1775,53,Female,Married,1,No,1269,1269,1269,1269,1269,1269
1778,43,Male,Single,2,No,1270,1270,1270,1270,1270,1270
1779,34,Female,Single,3,No,1271,1271,1271,1271,1271,1271
1780,21,Male,Single,7,Yes,1272,1272,1272,1272,1272,1272
1782,38,Female,Married,6,No,1273,1273,1273,1273,1273,1273
1783,22,Female,Married,8,Yes,1274,1274,1274,1274,1274,1274
1784,31,Female,Married,29,No,1275,1275,1275,1275,1275,1275
1786,51,Female,Married,3,No,1276,1276,1276,1276,1276,1276
1787,37,Male,Married,9,No,1277,1277,1277,1277,1277,1277
1789,46,Male,Divorced,2,No,1278,1278,1278,1278,1278,1278
1790,36,Male,Married,10,No,1279,1279,1279,1279,1279,1279
1792,44,Male,Divorced,1,Yes,1280,1280,1280,1280,1280,1280
1794,37,Male,Divorced,8,No,1281,1281,1281,1281,1281,1281
1797,35,Male,Single,27,Yes,1282,1282,1282,1282,1282,1282
1798,33,Male,Married,8,No,1283,1283,1283,1283,1283,1283
1799,28,Male,Married,1,No,1284,1284,1284,1284,1284,1284
1800,39,Male,Single,10,No,1285,1285,1285,1285,1285,1285
1801,46,Male,Single,26,No,1286,1286,1286,1286,1286,1286
1802,40,Female,Married,2,No,1287,1287,1287,1287,1287,1287
1803,42,Male,Married,13,No,1288,1288,1288,1288,1288,1288
1804,35,Male,Divorced,2,No,1289,1289,1289,1289,1289,1289
1805,38,Male,Divorced,2,No,1290,1290,1290,1290,1290,1290
1807,34,Male,Married,9,Yes,1291,1291,1291,1291,1291,1291
1809,37,Male,Single,10,Yes,1292,1292,1292,1292,1292,1292
1812,39,Male,Divorced,20,No,1293,1293,1293,1293,1293,1293
1813,43,Male,Single,9,No,1294,1294,1294,1294,1294,1294
1814,41,Male,Single,5,No,1295,1295,1295,1295,1295,1295
1815,41,Female,Divorced,4,No,1296,1296,1296,1296,1296,1296
1816,30,Female,Single,10,No,1297,1297,1297,1297,1297,1297
1818,26,Female,Married,20,Yes,1298,1298,1298,1298,1298,1298
1821,46,Female,Married,21,Yes,1299,1299,1299,1299,1299,1299
1822,40,Female,Divorced,1,No,1300,1300,1300,1300,1300,1300
1823,34,Male,Married,8,No,1301,1301,1301,1301,1301,1301
1824,58,Male,Divorced,2,No,1302,1302,1302,1302,1302,1302
1826,35,Male,Married,23,No,1303,1303,1303,1303,1303,1303
1827,47,Female,Divorced,4,No,1304,1304,1304,1304,1304,1304
1829,40,Female,Divorced,12,No,1305,1305,1305,1305,1305,1305
1830,54,Female,Married,7,No,1306,1306,1306,1306,1306,1306
1833,31,Female,Married,7,No,1307,1307,1307,1307,1307,1307
1834,28,Female,Married,1,No,1308,1308,1308,1308,1308,1308
1835,38,Female,Married,2,No,1309,1309,1309,1309,1309,1309
1836,26,Male,Single,10,No,1310,1310,1310,1310,1310,1310
1837,58,Male,Married,15,No,1311,1311,1311,1311,1311,1311
1839,18,Female,Single,14,No,1312,1312,1312,1312,1312,1312
1842,31,Male,Married,18,Yes,1313,1313,1313,1313,1313,1313
1844,29,Male,Divorced,13,Yes,1314,1314,1314,1314,1314,1314
1845,45,Female,Married,2,No,1315,1315,1315,1315,1315,1315
1847,36,Female,Married,2,No,1316,1316,1316,1316,1316,1316
1849,43,Male,Married,2,No,1317,1317,1317,1317,1317,1317
1850,27,Female,Single,5,No,1318,1318,1318,1318,1318,1318
1852,29,Male,Married,20,No,1319,1319,1319,1319,1319,1319
1853,32,Male,Single,10,No,1320,1320,1320,1320,1320,1320
1854,42,Male,Married,10,No,1321,1321,1321,1321,1321,1321
1856,47,Female,Single,9,No,1322,1322,1322,1322,1322,1322
1857,46,Male,Divorced,2,No,1323,1323,1323,1323,1323,1323
1858,28,Male,Divorced,1,No,1324,1324,1324,1324,1324,1324
1859,29,Male,Divorced,29,No,1325,1325,1325,1325,1325,1325
1860,42,Male,Single,8,No,1326,1326,1326,1326,1326,1326
1862,32,Male,Single,2,Yes,1327,1327,1327,1327,1327,1327
1863,46,Female,Divorced,3,No,1328,1328,1328,1328,1328,1328
1864,27,Female,Married,23,No,1329,1329,1329,1329,1329,1329
1865,29,Male,Married,6,No,1330,1330,1330,1330,1330,1330
1866,43,Female,Married,6,No,1331,1331,1331,1331,1331,1331
1867,48,Male,Married,10,No,1332,1332,1332,1332,1332,1332
1868,29,Male,Single,24,Yes,1333,1333,1333,1333,1333,1333
1869,46,Female,Married,10,Yes,1334,1334,1334,1334,1334,1334
1870,27,Female,Married,15,No,1335,1335,1335,1335,1335,1335
1871,39,Male,Divorced,19,No,1336,1336,1336,1336,1336,1336
1873,55,Male,Married,2,No,1337,1337,1337,1337,1337,1337
1875,28,Female,Married,3,No,1338,1338,1338,1338,1338,1338
1876,30,Male,Single,9,Yes,1339,1339,1339,1339,1339,1339
1878,22,Male,Single,7,Yes,1340,1340,1340,1340,1340,1340
1880,36,Female,Married,10,No,1341,1341,1341,1341,1341,1341
1881,31,Male,Divorced,20,No,1342,1342,1342,1342,1342,1342
1882,34,Male,Married,4,No,1343,1343,1343,1343,1343,1343
1883,29,Male,Single,7,No,1344,1344,1344,1344,1344,1344
1885,37,Male,Married,7,No,1345,1345,1345,1345,1345,1345
1886,35,Female,Married,16,No,1346,1346,1346,1346,1346,1346
1888,45,Female,Married,25,No,1347,1347,1347,1347,1347,1347
1890,36,Male,Single,2,No,1348,1348,1348,1348,1348,1348
1892,40,Male,Divorced,1,No,1349,1349,1349,1349,1349,1349
1893,26,Female,Married,1,No,1350,1350,1350,1350,1350,1350
1898,27,Female,Single,2,No,1351,1351,1351,1351,1351,1351
1900,48,Female,Divorced,22,No,1352,1352,1352,1352,1352,1352
1903,44,Male,Married,1,No,1353,1353,1353,1353,1353,1353
1905,34,Male,Married,16,Yes,1354,1354,1354,1354,1354,1354
1907,56,Male,Single,24,Yes,1355,1355,1355,1355,1355,1355
1908,36,Male,Married,17,No,1356,1356,1356,1356,1356,1356
1909,41,Female,Married,8,No,1357,1357,1357,1357,1357,1357
1911,42,Male,Married,6,No,1358,1358,1358,1358,1358,1358
1912,31,Female,Divorced,10,No,1359,1359,1359,1359,1359,1359
1915,34,Female,Married,3,No,1360,1360,1360,1360,1360,1360
1916,31,Female,Divorced,4,No,1361,1361,1361,1361,1361,1361
1918,26,Male,Married,6,No,1362,1362,1362,1362,1362,1362
1922,45,Male,Single,1,No,1363,1363,1363,1363,1363,1363
1924,33,Male,Single,10,No,1364,1364,1364,1364,1364,1364
1927,28,Male,Married,1,No,1365,1365,1365,1365,1365,1365
1928,29,Male,Single,24,Yes,1366,1366,1366,1366,1366,1366
1929,39,Female,Married,21,No,1367,1367,1367,1367,1367,1367
1931,27,Male,Married,2,No,1368,1368,1368,1368,1368,1368
1932,34,Male,Married,22,No,1369,1369,1369,1369,1369,1369
1933,28,Female,Single,13,Yes,1370,1370,1370,1370,1370,1370
1934,47,Male,Married,14,No,1371,1371,1371,1371,1371,1371
1935,56,Female,Married,11,No,1372,1372,1372,1372,1372,1372
1936,39,Male,Married,9,No,1373,1373,1373,1373,1373,1373
1937,38,Female,Divorced,8,No,1374,1374,1374,1374,1374,1374
1938,58,Female,Married,21,No,1375,1375,1375,1375,1375,1375
1939,32,Female,Single,5,Yes,1376,1376,1376,1376,1376,1376
1940,38,Male,Divorced,9,No,1377,1377,1377,1377,1377,1377
1941,49,Male,Married,2,No,1378,1378,1378,1378,1378,1378
1943,42,Male,Divorced,12,No,1379,1379,1379,1379,1379,1379
1944,27,Female,Married,22,Yes,1380,1380,1380,1380,1380,1380
1945,35,Male,Married,18,No,1381,1381,1381,1381,1381,1381
1947,28,Male,Single,16,No,1382,1382,1382,1382,1382,1382
1948,31,Male,Divorced,3,No,1383,1383,1383,1383,1383,1383
1949,36,Male,Married,9,No,1384,1384,1384,1384,1384,1384
1950,34,Male,Single,1,No,1385,1385,1385,1385,1385,1385
1951,34,Male,Divorced,13,No,1386,1386,1386,1386,1386,1386
1952,26,Male,Single,1,No,1387,1387,1387,1387,1387,1387
1954,29,Male,Married,1,No,1388,1388,1388,1388,1388,1388
1955,32,Female,Divorced,15,No,1389,1389,1389,1389,1389,1389
1956,31,Male,Married,1,No,1390,1390,1390,1390,1390,1390
1960,28,Male,Divorced,17,Yes,1391,1391,1391,1391,1391,1391
1961,38,Male,Single,1,No,1392,1392,1392,1392,1392,1392
1962,35,Female,Married,7,No,1393,1393,1393,1393,1393,1393
1965,27,Male,Single,9,No,1394,1394,1394,1394,1394,1394
1966,32,Male,Single,5,No,1395,1395,1395,1395,1395,1395
1967,31,Male,Married,26,Yes,1396,1396,1396,1396,1396,1396
1968,53,Male,Single,24,Yes,1397,1397,1397,1397,1397,1397
1969,54,Female,Married,9,No,1398,1398,1398,1398,1398,1398
1970,33,Male,Divorced,7,No,1399,1399,1399,1399,1399,1399
1971,43,Male,Married,11,No,1400,1400,1400,1400,1400,1400
1972,38,Male,Married,1,No,1401,1401,1401,1401,1401,1401
1973,55,Male,Married,26,No,1402,1402,1402,1402,1402,1402
1974,31,Female,Divorced,2,No,1403,1403,1403,1403,1403,1403
1975,39,Male,Single,15,No,1404,1404,1404,1404,1404,1404
1976,42,Male,Single,23,No,1405,1405,1405,1405,1405,1405
1979,31,Female,Married,10,No,1406,1406,1406,1406,1406,1406
1980,54,Female,Single,10,No,1407,1407,1407,1407,1407,1407
1981,24,Male,Single,1,No,1408,1408,1408,1408,1408,1408
1982,23,Male,Single,12,No,1409,1409,1409,1409,1409,1409
1985,40,Female,Married,11,No,1410,1410,1410,1410,1410,1410
1986,40,Female,Married,2,No,1411,1411,1411,1411,1411,1411
1987,25,Female,Married,2,No,1412,1412,1412,1412,1412,1412
1989,30,Male,Married,1,No,1413,1413,1413,1413,1413,1413
1992,25,Male,Divorced,2,No,1414,1414,1414,1414,1414,1414
1993,47,Male,Single,25,No,1415,1415,1415,1415,1415,1415
1994,33,Male,Divorced,1,No,1416,1416,1416,1416,1416,1416
1995,38,Male,Married,1,No,1417,1417,1417,1417,1417,1417
1996,31,Male,Married,2,No,1418,1418,1418,1418,1418,1418
1997,38,Male,Married,6,No,1419,1419,1419,1419,1419,1419
1998,42,Male,Divorced,18,No,1420,1420,1420,1420,1420,1420
1999,41,Male,Married,1,No,1421,1421,1421,1421,1421,1421
2000,47,Female,Married,1,No,1422,1422,1422,1422,1422,1422
2003,35,Male,Married,11,No,1423,1423,1423,1423,1423,1423
2007,22,Male,Single,1,No,1424,1424,1424,1424,1424,1424
2008,35,Male,Single,9,No,1425,1425,1425,1425,1425,1425
2009,33,Female,Married,15,No,1426,1426,1426,1426,1426,1426
2010,32,Female,Single,29,No,1427,1427,1427,1427,1427,1427
2012,40,Male,Married,1,No,1428,1428,1428,1428,1428,1428
2013,32,Male,Married,1,No,1429,1429,1429,1429,1429,1429
2014,39,Male,Single,24,No,1430,1430,1430,1430,1430,1430
2015,38,Female,Married,10,No,1431,1431,1431,1431,1431,1431
2016,32,Female,Married,1,No,1432,1432,1432,1432,1432,1432
2017,37,Female,Married,10,No,1433,1433,1433,1433,1433,1433
2018,25,Female,Divorced,8,No,1434,1434,1434,1434,1434,1434
2019,52,Male,Divorced,29,No,1435,1435,1435,1435,1435,1435
2020,44,Male,Single,1,No,1436,1436,1436,1436,1436,1436
2021,21,Male,Single,5,No,1437,1437,1437,1437,1437,1437
2022,39,Male,Single,9,No,1438,1438,1438,1438,1438,1438
2023,23,Male,Married,9,Yes,1439,1439,1439,1439,1439,1439
2024,36,Female,Married,3,No,1440,1440,1440,1440,1440,1440
2025,36,Female,Divorced,4,No,1441,1441,1441,1441,1441,1441
2026,56,Male,Divorced,1,No,1442,1442,1442,1442,1442,1442
2027,29,Male,Married,1,Yes,1443,1443,1443,1443,1443,1443
2031,42,Male,Married,2,No,1444,1444,1444,1444,1444,1444
2032,56,Male,Married,7,Yes,1445,1445,1445,1445,1445,1445
2034,41,Female,Married,28,No,1446,1446,1446,1446,1446,1446
2035,34,Female,Married,28,No,1447,1447,1447,1447,1447,1447
2036,36,Male,Divorced,15,No,1448,1448,1448,1448,1448,1448
2037,41,Male,Divorced,3,No,1449,1449,1449,1449,1449,1449
2038,32,Male,Single,2,No,1450,1450,1450,1450,1450,1450
2040,35,Female,Single,26,No,1451,1451,1451,1451,1451,1451
2041,38,Female,Married,10,No,1452,1452,1452,1452,1452,1452
2044,50,Male,Divorced,1,Yes,1453,1453,1453,1453,1453,1453
2045,36,Female,Married,11,No,1454,1454,1454,1454,1454,1454
2046,45,Female,Single,20,No,1455,1455,1455,1455,1455,1455
2048,40,Male,Single,2,No,1456,1456,1456,1456,1456,1456
2049,35,Male,Married,18,No,1457,1457,1457,1457,1457,1457
2051,40,Female,Married,2,No,1458,1458,1458,1458,1458,1458
2052,35,Female,Married,1,No,1459,1459,1459,1459,1459,1459
2053,29,Male,Married,13,No,1460,1460,1460,1460,1460,1460
2054,29,Female,Single,28,No,1461,1461,1461,1461,1461,1461
2055,50,Male,Divorced,28,Yes,1462,1462,1462,1462,1462,1462
2056,39,Female,Married,24,No,1463,1463,1463,1463,1463,1463
2057,31,Male,Single,5,No,1464,1464,1464,1464,1464,1464
2060,26,Female,Single,5,No,1465,1465,1465,1465,1465,1465
2061,36,Male,Married,23,No,1466,1466,1466,1466,1466,1466
2062,39,Male,Married,6,No,1467,1467,1467,1467,1467,1467
2064,27,Male,Married,4,No,1468,1468,1468,1468,1468,1468
2065,49,Male,Married,2,No,1469,1469,1469,1469,1469,1469
2068,34,Male,Married,8,No,1470,1470,1470,1470,1470,1470
